outcome,feature,coef,SE,CI_lo,CI_hi,p,n,q_fdr,group
HAMD,F0final_sma_amean,0.012289149830852943,0.10478951668379516,-0.1930945288267447,0.21767282848845057,0.9066424434784504,348,,F0
HAMD,F0final_sma_flatness,-0.025425601093620857,0.0659009906440737,-0.15458916930151637,0.10373796711427466,0.6996335686636771,348,,F0
HAMD,F0final_sma_posamean,0.012289149830852943,0.10478951668379516,-0.1930945288267447,0.21767282848845057,0.9066424434784504,348,,F0
HAMD,F0final_sma_rqmean,0.005970474348474672,0.09821940515546042,-0.18653602233917546,0.1984769710361248,0.9515287515007738,348,,F0
HAMD,F0final_sma_range,-0.01628770936160131,0.0452060410806271,-0.10488992176326856,0.07231450304006595,0.7186232498834992,348,,F0
HAMD,F0final_sma_maxPos,-0.01716330958200131,0.04142289946074915,-0.09835070066029328,0.06402408149629066,0.6786225528763894,348,,F0
HAMD,F0final_sma_minPos,-0.03175205762061778,0.041006805103876984,-0.11212391874526993,0.04861980350403437,0.43874636170621495,348,,F0
HAMD,F0final_sma_linregc1,-0.00026388082333211535,0.040059481976696884,-0.07877902273698942,0.07825126109032518,0.9947441928403975,348,,F0
HAMD,F0final_sma_linregc2,0.12897248313046736,0.07996058871423686,-0.027747390932056804,0.2856923571929915,0.10675523094740226,348,,F0
HAMD,F0final_sma_linregerrQ,0.043019655425708354,0.049832406969759754,-0.054650067497963535,0.14068937834938025,0.3879798409769242,348,,F0
HAMD,F0final_sma_qregc1,0.06349433213170101,0.038369307173597135,-0.011708128040303703,0.13869679230370574,0.09796082945519928,348,,F0
HAMD,F0final_sma_qregc2,-0.07169944453213824,0.04007344646810529,-0.15024195634601845,0.0068430672817419574,0.07358247464702732,348,,F0
HAMD,F0final_sma_qregc3,0.15177058653964515,0.07836478691431392,-0.0018215734685658458,0.3053627465478561,0.05277967883301014,348,,F0
HAMD,F0final_sma_qregerrQ,0.04426716464621763,0.049830851614167296,-0.05339950983650989,0.14193383912894514,0.37435329308012544,348,,F0
HAMD,F0final_sma_centroid,-0.024364471384501173,0.03954221083075576,-0.10186578048187211,0.05313683771286976,0.5377865428640352,348,,F0
HAMD,F0final_sma_quartile1,0.018740396215743905,0.10834653260231684,-0.19361490553459187,0.2310956979660797,0.8626772107425131,348,,F0
HAMD,F0final_sma_quartile2,0.142626062145604,0.1320529612615931,-0.11619298597898145,0.4014451102701895,0.28011229027139106,348,,F0
HAMD,F0final_sma_quartile3,0.025444772786692424,0.0955282019118158,-0.16178706246833685,0.21267660804172173,0.7899629280195117,348,,F0
HAMD,F0final_sma_iqr1-2,0.056844926351021174,0.048681607749149224,-0.038569271546817316,0.15225912424885968,0.24293266249545487,348,,F0
HAMD,F0final_sma_iqr2-3,-0.06198643889819207,0.06163519869059618,-0.18278920851173086,0.05881633071534674,0.3145605310637428,348,,F0
HAMD,F0final_sma_iqr1-3,0.007451475611852804,0.05480986290311566,-0.09997388167583186,0.11487683289953747,0.8918597299337194,348,,F0
HAMD,F0final_sma_percentile1.0,0.05587365981640034,0.051829019913991456,-0.04570935256903216,0.15745667220183285,0.28101673931137683,348,,F0
HAMD,F0final_sma_percentile99.0,-0.06626455597495283,0.05795754357340108,-0.17985925401122982,0.047330142061324146,0.25290190680819813,348,,F0
HAMD,F0final_sma_pctlrange0-1,-0.0783817646626811,0.05835812772673006,-0.19276159321226036,0.03599806388689816,0.1792342513516969,348,,F0
HAMD,F0final_sma_stddev,-0.014299225454413752,0.05915978619385131,-0.13025027572745224,0.10165182481862474,0.8090086327423701,348,,F0
HAMD,F0final_sma_skewness,-0.10573523851387193,0.07258763094593959,-0.24800438089099863,0.03653390386325478,0.14521124562195872,348,,F0
HAMD,F0final_sma_kurtosis,-0.02389464397194138,0.056905361262328105,-0.13542710257334523,0.08763781462946245,0.6745574450555334,348,,F0
HAMD,F0final_sma_upleveltime25,0.1251946477808116,0.07851288150997111,-0.028687772301192516,0.2790770678628157,0.11080739303498592,348,,F0
HAMD,F0final_sma_upleveltime50,0.079035295879405,0.04508281468141194,-0.009325397217855996,0.167395988976666,0.07958250826951829,348,,F0
HAMD,F0final_sma_upleveltime75,0.05123069859815845,0.04589835960554258,-0.038728433178173045,0.14118983037448996,0.2643463284221832,348,,F0
HAMD,F0final_sma_upleveltime90,0.000572850510015003,0.04711702545471479,-0.09177482243988294,0.09292052345991295,0.9902995294599898,348,,F0
HAMD,F0final_sma_risetime,-0.013360661592128948,0.05796946760712328,-0.12697873030505188,0.10025740712079398,0.817720696763172,348,,F0
HAMD,F0final_sma_leftctime,-0.019763625508087294,0.06493217283482446,-0.1470283457022733,0.1075010946860987,0.7608434390383152,348,,F0
HAMD,F0final_sma_lpgain,-0.03333448413758157,0.061984020805994106,-0.1548209325343114,0.08815196425914826,0.5907209494817651,348,,F0
HAMD,F0final_sma_lpc0,0.04775330462726553,0.05467461719336253,-0.05940697594023944,0.1549135851947705,0.3824401682656532,348,,F0
HAMD,F0final_sma_lpc1,-0.025048385382718242,0.053263223899726986,-0.12944238592667617,0.0793456151612397,0.6381582510377422,348,,F0
HAMD,F0final_sma_lpc2,-0.08411648666275075,0.044437270467034856,-0.17121193634940446,0.002978963023902964,0.05836764514897851,348,,F0
HAMD,F0final_sma_lpc3,0.02873825678420107,0.04065106530808931,-0.05093636715283961,0.10841288072124175,0.4795977618487214,348,,F0
HAMD,F0final_sma_lpc4,0.022406458655789538,0.043592686923104036,-0.06303363770282455,0.10784655501440363,0.6072549164106611,348,,F0
HAMD,F0final_sma_de_amean,-0.01598261979750445,0.04056463071003028,-0.09548783503533124,0.06352259544032234,0.6935782127393821,348,,F0
HAMD,F0final_sma_de_flatness,-0.07490594090831416,0.041622144523146665,-0.15648384513300267,0.00667196331637436,0.07191345897722208,348,,F0
HAMD,F0final_sma_de_posamean,-0.03622619659918116,0.04093671859093809,-0.11646069068267109,0.04400829748430877,0.37619351407083,348,,F0
HAMD,F0final_sma_de_rqmean,0.0015771428678209222,0.04053750223122627,-0.07787490152859465,0.08102918726423648,0.9689655137092191,348,,F0
HAMD,F0final_sma_de_range,0.03624860961171002,0.04094986243333107,-0.04401164592948861,0.11650886515290865,0.37605151947955184,348,,F0
HAMD,F0final_sma_de_maxPos,-0.03429541373494476,0.04029392625723092,-0.11327005799483017,0.044679230524940654,0.39469653177814146,348,,F0
HAMD,F0final_sma_de_minPos,-0.033837420179292116,0.04170548148750041,-0.11557866185269489,0.047903821494110654,0.417169139728937,348,,F0
HAMD,F0final_sma_de_linregc1,-0.06847896939255618,0.04171593690890268,-0.15024070331535058,0.013282764530238217,0.10068243607731531,348,,F0
HAMD,F0final_sma_de_linregc2,-0.00046165220077964275,0.041561050749791606,-0.0819198148300126,0.08099651042845332,0.9911374331893952,348,,F0
HAMD,F0final_sma_de_linregerrQ,-0.1360358312355711,0.04575957158164485,-0.22572294348357755,-0.046348718987564624,0.0029505934125690315,348,,F0
HAMD,F0final_sma_de_qregc1,0.041151133644112776,0.040809264012934596,-0.038833554056825544,0.1211358213450511,0.3132733876222873,348,,F0
HAMD,F0final_sma_de_qregc2,-0.06888401303178998,0.04159726994459074,-0.15041316397837828,0.012645137914798321,0.09772700860790383,348,,F0
HAMD,F0final_sma_de_qregc3,-0.0001642015234574212,0.041551472625903765,-0.08160359137483074,0.0812751883279159,0.9968469584552944,348,,F0
HAMD,F0final_sma_de_qregerrQ,-0.1361558732760166,0.04577406741898403,-0.22587139684313362,-0.0464403497088996,0.0029344744587396438,348,,F0
HAMD,F0final_sma_de_centroid,-0.07637903472831234,0.04049748666920993,-0.15575265006435474,0.0029945806077300713,0.059292376312332425,348,,F0
HAMD,F0final_sma_de_quartile1,0.08834388167316987,0.04617870800691726,-0.002164722872979377,0.1788524862193191,0.05573692761302987,348,,F0
HAMD,F0final_sma_de_quartile2,0.08987003622570405,0.04699346438728758,-0.0022354614821452484,0.18197553393355337,0.05582563093269757,348,,F0
HAMD,F0final_sma_de_quartile3,-0.10281084210337671,0.049820750539512335,-0.20045771884357536,-0.0051639653631780635,0.03905424571124043,348,,F0
HAMD,F0final_sma_de_iqr1-2,-0.08604930982198765,0.04622776990059254,-0.17665407391275378,0.004555454268778486,0.06268484451556329,348,,F0
HAMD,F0final_sma_de_iqr2-3,-0.11033434771637415,0.047546663086642384,-0.20352409495125326,-0.017144600481495048,0.020311213069537745,348,,F0
HAMD,F0final_sma_de_iqr1-3,-0.09473682351563811,0.04662110804442057,-0.18611251620205305,-0.003361130829223194,0.042147723944869875,348,,F0
HAMD,F0final_sma_de_percentile1.0,0.06564614584246546,0.04580260564850699,-0.024125311626699078,0.15541760331163001,0.1517891415919762,348,,F0
HAMD,F0final_sma_de_percentile99.0,-0.07336955045904879,0.046872881269910946,-0.16523870959969633,0.018499608681598737,0.11751543615322461,348,,F0
HAMD,F0final_sma_de_pctlrange0-1,-0.07147535853500404,0.046467401763422615,-0.16254979244646536,0.019599075376457276,0.12400392326750337,348,,F0
HAMD,F0final_sma_de_stddev,0.0015857009047040623,0.040537436270516695,-0.07786621421109635,0.08103761602050447,0.968797146438384,348,,F0
HAMD,F0final_sma_de_skewness,-0.023906226874009805,0.0411915934758179,-0.10464026655242795,0.05682781280440833,0.5616673939617217,348,,F0
HAMD,F0final_sma_de_kurtosis,0.1390812805384387,0.043289155006435154,0.054236095804654036,0.22392646527222337,0.001314278801906053,348,,F0
HAMD,F0final_sma_de_upleveltime25,-0.011795214914234431,0.04052447761637818,-0.09122173153463525,0.06763130170616638,0.7710024032451672,348,,F0
HAMD,F0final_sma_de_upleveltime50,0.014086006363157566,0.042309863087921035,-0.06883980147998829,0.09701181420630343,0.7391909833680812,348,,F0
HAMD,F0final_sma_de_upleveltime75,0.002787744951874076,0.04147395771147886,-0.07849971845896174,0.08407520836270989,0.9464091448574966,348,,F0
HAMD,F0final_sma_de_upleveltime90,0.014165940824986234,0.041117912531234445,-0.06642368685570145,0.09475556850567392,0.7304553016694344,348,,F0
HAMD,F0final_sma_de_risetime,-0.031453148516325996,0.06011363102794605,-0.14927370031102977,0.08636740327837776,0.600815441349227,348,,F0
HAMD,F0final_sma_de_leftctime,0.03445874438743957,0.05503186711210092,-0.07340173315427251,0.14231922192915164,0.5312101142343215,348,,F0
HAMD,F0final_sma_de_lpgain,-0.018665269704976003,0.03960196019775785,-0.09628368540977011,0.0589531459998181,0.6374109044358123,348,,F0
HAMD,F0final_sma_de_lpc0,0.028326338180152864,0.0413386658373944,-0.05269595803007648,0.1093486343903822,0.49320117386358886,348,,F0
HAMD,F0final_sma_de_lpc1,-0.015301992292790254,0.04056181281977537,-0.09480168456720503,0.06419769998162453,0.7059869390943905,348,,F0
HAMD,F0final_sma_de_lpc2,0.01748969652494065,0.03948887990651447,-0.05990708588165514,0.09488647893153643,0.6578367556131666,348,,F0
HAMD,F0final_sma_de_lpc3,-0.012976324705465508,0.04122839616197439,-0.09378249632328471,0.0678298469123537,0.7529572421400853,348,,F0
HAMD,F0final_sma_de_lpc4,0.027275157864200223,0.0406308448098054,-0.05235983462445455,0.10691015035285499,0.5020345803460344,348,,F0
HAMD,F0final_sma_ff0_nnz,-0.056743639391310864,0.06410309414953264,-0.18238339522197508,0.06889611643935337,0.37605230168390824,348,,F0
HAMD,F0final_sma_ff0_meanSegLen,-0.06984406187411998,0.05517097165465552,-0.177977179309325,0.03828905556108503,0.2055285806011189,348,,F0
HAMD,F0final_sma_ff0_maxSegLen,-0.019072635714965567,0.04807084435794731,-0.11328975936297275,0.07514448793304163,0.6915437213096943,348,,F0
HAMD,F0final_sma_ff0_minSegLen,-1008.5802705150915,,,,,348,,F0
HAMD,F0final_sma_ff0_segLenStddev,-0.02318258156920439,0.05271420518260532,-0.1265005252007655,0.0801353620623567,0.6600974380357878,348,,F0
PHQ,F0final_sma_amean,-0.005196116670888823,0.10442570568585544,-0.20986673887534502,0.19947450553356738,0.9603144548474798,348,0.9736328302707287,F0
PHQ,F0final_sma_flatness,-0.12494732945003964,0.06615590942990483,-0.2546105292971469,0.004715870397067584,0.05893474761361101,348,0.3577392514313472,F0
PHQ,F0final_sma_posamean,-0.005196116670888823,0.10442570568585544,-0.20986673887534502,0.19947450553356738,0.9603144548474798,348,0.9736328302707287,F0
PHQ,F0final_sma_rqmean,0.01857340804725403,0.09796159624255606,-0.17342779245621012,0.21057460855071816,0.8496234719888847,348,0.9660102489736634,F0
PHQ,F0final_sma_range,-0.005002063566580601,0.046280717811323153,-0.09571060365543538,0.08570647652227417,0.913931485854267,348,0.9736328302707287,F0
PHQ,F0final_sma_maxPos,0.05872025667911955,0.04251492830662291,-0.02460747160716381,0.1420479849654029,0.167227324547084,348,0.6034725190177379,F0
PHQ,F0final_sma_minPos,0.036115737045446884,0.04219333483396543,-0.04658167961676466,0.11881315370765844,0.39202082067129485,348,0.7594379988762856,F0
PHQ,F0final_sma_linregc1,-0.02168188848529332,0.041182560227622546,-0.10239822332258515,0.05903444635199852,0.5985531559780726,348,0.8640737891074677,F0
PHQ,F0final_sma_linregc2,0.09996283998613091,0.08131685018093597,-0.05941525770474297,0.2593409376770048,0.21895918109830304,348,0.688403003440395,F0
PHQ,F0final_sma_linregerrQ,0.09538934499433999,0.050467389276283726,-0.003524920380939059,0.19430361036961902,0.058742116383587846,348,0.3577392514313472,F0
PHQ,F0final_sma_qregc1,0.08111187403547918,0.03950455611263523,0.003684366829472485,0.15853938124148587,0.04005043740284507,348,0.3577392514313472,F0
PHQ,F0final_sma_qregc2,-0.08220354787447143,0.04119202076518144,-0.1629384250246531,-0.0014686707242897584,0.04597549287340013,348,0.3577392514313472,F0
PHQ,F0final_sma_qregc3,0.11906698382227883,0.07984331996045115,-0.037423047706313425,0.27555701535087107,0.13589379037749746,348,0.537104028634871,F0
PHQ,F0final_sma_qregerrQ,0.09696040851754073,0.05046108389639973,-0.001941498540256839,0.19586231557533829,0.05467011058794846,348,0.3577392514313472,F0
PHQ,F0final_sma_centroid,-0.045701510248029036,0.040691540627084535,-0.12545546435256313,0.034052443856505056,0.2613862498328223,348,0.688403003440395,F0
PHQ,F0final_sma_quartile1,-0.03856523417565286,0.10846687574168086,-0.25115640414492857,0.17402593579362288,0.7221787229531209,348,0.8814828530163094,F0
PHQ,F0final_sma_quartile2,-0.012022276894384778,0.13173643332633345,-0.27022094166576044,0.24617638787699087,0.927285940440078,348,0.9736328302707287,F0
PHQ,F0final_sma_quartile3,0.02552708768161174,0.09590975145715061,-0.16245257094059143,0.21350674630381491,0.7901180091530334,348,0.9310948114590896,F0
PHQ,F0final_sma_iqr1-2,0.022488472472282046,0.0501976603327315,-0.0758971338880466,0.12087407883261068,0.6541543375354926,348,0.8671798599345274,F0
PHQ,F0final_sma_iqr2-3,0.04014327876901073,0.062374968925415955,-0.08210941386160958,0.16239597139963102,0.5198478616335138,348,0.8297571637611855,F0
PHQ,F0final_sma_iqr1-3,0.03838574373758468,0.055894724775471714,-0.07116590374811854,0.1479373912232879,0.49223981491266533,348,0.827172416342236,F0
PHQ,F0final_sma_percentile1.0,0.024324010719598724,0.052872760547282405,-0.07930469571628507,0.1279527171554825,0.6454817270219012,348,0.8671798599345274,F0
PHQ,F0final_sma_percentile99.0,0.0290099555001719,0.05886743020531339,-0.08636808756466766,0.14438799856501147,0.6221528796369428,348,0.8671798599345274,F0
PHQ,F0final_sma_pctlrange0-1,0.025013960695497415,0.05924796779750053,-0.09110992234479254,0.14113784373578736,0.672885586472348,348,0.871755021907802,F0
PHQ,F0final_sma_stddev,0.08296723125445714,0.05957567334354507,-0.033798942853614136,0.19973340536252843,0.16372987149408125,348,0.6034725190177379,F0
PHQ,F0final_sma_skewness,-0.04211276502616477,0.07396036697848478,-0.18707242058736043,0.1028468905350309,0.5690871747298007,348,0.8531385632832471,F0
PHQ,F0final_sma_kurtosis,-0.062261817545306415,0.05797177881731456,-0.17588441614696496,0.05136078105635213,0.28282169894538756,348,0.688403003440395,F0
PHQ,F0final_sma_upleveltime25,0.059133136292876844,0.0795966714398502,-0.0968734730184975,0.21513974560425117,0.4575363754975422,348,0.8255547644846958,F0
PHQ,F0final_sma_upleveltime50,0.08143926611548781,0.04620008788162268,-0.009111242215078044,0.17198977444605368,0.07794244020425566,348,0.3805425021737188,F0
PHQ,F0final_sma_upleveltime75,0.07090422046445419,0.04696914540132512,-0.021153612906768163,0.16296205383567652,0.13114770353565378,348,0.537104028634871,F0
PHQ,F0final_sma_upleveltime90,0.0042450826705445616,0.0482969785021722,-0.09041525575581819,0.09890542109690731,0.9299598057082069,348,0.9736328302707287,F0
PHQ,F0final_sma_risetime,0.07722859444262284,0.05835724771300024,-0.037149509311740075,0.19160669819698575,0.18571029269487227,348,0.6422480955697666,F0
PHQ,F0final_sma_leftctime,-0.058304855198275926,0.06425957645242383,-0.18425131070682477,0.06764160031027293,0.3642305562113193,348,0.7373447845253537,F0
PHQ,F0final_sma_lpgain,0.07076323581571344,0.06261604775099612,-0.05196196263047921,0.1934884342619061,0.25842843600246246,348,0.688403003440395,F0
PHQ,F0final_sma_lpc0,-0.01995061868924937,0.05546456130484412,-0.12865916126505775,0.08875792388655901,0.7190712764530931,348,0.8814828530163094,F0
PHQ,F0final_sma_lpc1,0.02624800209758289,0.05425933520925281,-0.08009834073763869,0.13259434493280448,0.6285626667865569,348,0.8671798599345274,F0
PHQ,F0final_sma_lpc2,-0.04822197757248971,0.04577902933440745,-0.13794722631513096,0.04150327117015154,0.2921742358016288,348,0.688403003440395,F0
PHQ,F0final_sma_lpc3,0.025830124961835475,0.04187524056965646,-0.05624383839864173,0.10790408832231269,0.5373433913030324,348,0.8415000278896546,F0
PHQ,F0final_sma_lpc4,0.025063295260762966,0.044771369878045905,-0.06268697723872844,0.11281356776025438,0.5756115607694197,348,0.8531385632832471,F0
PHQ,F0final_sma_de_amean,0.027060621836562833,0.04168659822866618,-0.05464360932961409,0.10876485300273975,0.5162450449141973,348,0.8297571637611855,F0
PHQ,F0final_sma_de_flatness,-0.0772908748942251,0.042926603675386706,-0.16142547207660776,0.00684372228815755,0.07177611937171055,348,0.37233861924074846,F0
PHQ,F0final_sma_de_posamean,0.028502188899612736,0.04209000962121168,-0.05399271406690651,0.11099709186613199,0.4982966363507446,348,0.827172416342236,F0
PHQ,F0final_sma_de_rqmean,0.039052401956123854,0.04168434036426209,-0.04264740387713909,0.1207522077893868,0.3488304432615802,348,0.7238231697677789,F0
PHQ,F0final_sma_de_range,0.04592021011602165,0.04208730561759807,-0.036569393100800866,0.12840981333284415,0.27524194034237537,348,0.688403003440395,F0
PHQ,F0final_sma_de_maxPos,-0.06804385828191849,0.04134900075679208,-0.14908641056195038,0.012998693998113417,0.09984642496373633,348,0.4604029595550064,F0
PHQ,F0final_sma_de_minPos,-0.10513037576360086,0.042546406806700146,-0.18851980077632297,-0.02174095075087877,0.013475171913600046,348,0.3125204392207333,F0
PHQ,F0final_sma_de_linregc1,-0.022395955262799215,0.04315807492620186,-0.10698422776023603,0.06219231723463759,0.6038105996172666,348,0.8640737891074677,F0
PHQ,F0final_sma_de_linregc2,0.011026570320867199,0.04275405853011312,-0.072769844591072,0.09482298523280638,0.7964786941397031,348,0.9310948114590896,F0
PHQ,F0final_sma_de_linregerrQ,-0.14241562944709016,0.046656830710160926,-0.23386133727178793,-0.05096992162239239,0.0022701418102880383,348,0.09421088512695358,F0
PHQ,F0final_sma_de_qregc1,0.00258615815660304,0.042141294096631934,-0.08000926053470594,0.08518157684791203,0.9510655466071235,348,0.9736328302707287,F0
PHQ,F0final_sma_de_qregc2,-0.019054496095581987,0.043073578190468864,-0.10347715803417092,0.06536816584300693,0.6582208575406654,348,0.8671798599345274,F0
PHQ,F0final_sma_de_qregc3,0.011164793280158335,0.0427444964074926,-0.07261288021582889,0.09494246677614555,0.7939395261755142,348,0.9310948114590896,F0
PHQ,F0final_sma_de_qregerrQ,-0.14272205802114799,0.0466681623480939,-0.23418997544808023,-0.051254140594215736,0.0022264728137822644,348,0.09421088512695358,F0
PHQ,F0final_sma_de_centroid,-0.06438531555936312,0.041738328356419135,-0.14619093591285148,0.01742030479412525,0.12292919451952343,348,0.5370064813221287,F0
PHQ,F0final_sma_de_quartile1,0.08874094615816418,0.04708964963284327,-0.003553071166818411,0.18103496348314677,0.059495935836854315,348,0.3577392514313472,F0
PHQ,F0final_sma_de_quartile2,0.09011434577512321,0.04797681170663788,-0.003918477262946682,0.1841471688131931,0.06034156048239591,348,0.3577392514313472,F0
PHQ,F0final_sma_de_quartile3,-0.10680375502311328,0.05040179049943575,-0.20558944915834043,-0.008018060887886133,0.03408650841860408,348,0.3577392514313472,F0
PHQ,F0final_sma_de_iqr1-2,-0.08638062386867533,0.04710405203900015,-0.17870286939101612,0.005941621653665463,0.06667986310781585,348,0.368961909196581,F0
PHQ,F0final_sma_de_iqr2-3,-0.11347347434505935,0.04830820909724123,-0.20815582433328234,-0.018791124356836345,0.018826532483176703,348,0.3125204392207333,F0
PHQ,F0final_sma_de_iqr1-3,-0.09600752004613498,0.047454633782207004,-0.1890168931587985,-0.0029981469334714878,0.043058384864434245,348,0.3577392514313472,F0
PHQ,F0final_sma_de_percentile1.0,0.027495740249981516,0.04685119200204403,-0.06433090870679582,0.11932238920675885,0.5572884217968642,348,0.8531385632832471,F0
PHQ,F0final_sma_de_percentile99.0,-0.053269490481959815,0.04778686126406755,-0.14693001749374443,0.04039103652982479,0.26496575881128737,348,0.688403003440395,F0
PHQ,F0final_sma_de_pctlrange0-1,-0.04044054907800659,0.04745521107286859,-0.1334510536595754,0.05256995550356223,0.3941122388729089,348,0.7594379988762856,F0
PHQ,F0final_sma_de_stddev,0.039057226512413015,0.04168425733700578,-0.042642416590417814,0.12075686961524384,0.34876994318582255,348,0.7238231697677789,F0
PHQ,F0final_sma_de_skewness,-0.01522378314140642,0.04239563096313114,-0.09831769293099461,0.06787012664818177,0.719528891192839,348,0.8814828530163094,F0
PHQ,F0final_sma_de_kurtosis,0.10745752291082498,0.04456689951998212,0.020108004949044606,0.19480704087260536,0.015902264503991667,348,0.3125204392207333,F0
PHQ,F0final_sma_de_upleveltime25,0.0061718449036033615,0.041734155571530374,-0.0756255969417878,0.08796928674899454,0.882433728512193,348,0.9736328302707287,F0
PHQ,F0final_sma_de_upleveltime50,0.04434146013365104,0.04339569774163257,-0.04071254452393496,0.12939546479123704,0.3068784473168026,348,0.688403003440395,F0
PHQ,F0final_sma_de_upleveltime75,-0.002038925716837243,0.04268524163926141,-0.08570046200117906,0.08162261056750458,0.9619023142433705,348,0.9736328302707287,F0
PHQ,F0final_sma_de_upleveltime90,-0.0052007600312276425,0.04243210483909311,-0.08836615730407789,0.0779646372416226,0.9024502817264397,348,0.9736328302707287,F0
PHQ,F0final_sma_de_risetime,-0.06153697025640976,0.05994564305363696,-0.17902827167163188,0.055954331158812355,0.30463421275303804,348,0.688403003440395,F0
PHQ,F0final_sma_de_leftctime,0.06706420888172472,0.0557069827212102,-0.04211947093924236,0.1762478887026918,0.2286381383148286,348,0.688403003440395,F0
PHQ,F0final_sma_de_lpgain,0.0408469815471656,0.04079497466868385,-0.039109699553678566,0.12080366264800976,0.3166939554166617,348,0.6917262710416558,F0
PHQ,F0final_sma_de_lpc0,-0.017359194076207174,0.04246566105764505,-0.10059036032887657,0.06587197217646222,0.682699715951893,348,0.871755021907802,F0
PHQ,F0final_sma_de_lpc1,0.044107484472063786,0.04171607130192934,-0.03765451285622264,0.1258694818003502,0.2903628566767702,348,0.688403003440395,F0
PHQ,F0final_sma_de_lpc2,-0.043671304809425875,0.04065603134973522,-0.12335566200923828,0.036013052390386525,0.2827485278529148,348,0.688403003440395,F0
PHQ,F0final_sma_de_lpc3,-0.008470118566389736,0.042320395359648544,-0.09141656928279691,0.07447633215001744,0.8413689722177379,348,0.9660102489736634,F0
PHQ,F0final_sma_de_lpc4,0.05397043178869938,0.04166411699098159,-0.02768973696128786,0.13563060053868664,0.19519274968980027,348,0.6480399289701368,F0
PHQ,F0final_sma_ff0_nnz,-0.053548081596045925,0.06397634811313864,-0.1789394197601947,0.07184325656810284,0.4025936379585129,348,0.7594379988762856,F0
PHQ,F0final_sma_ff0_meanSegLen,-0.04193981352933216,0.0556527527377363,-0.15101720453580822,0.06713757747714388,0.45109053369499796,348,0.8255547644846958,F0
PHQ,F0final_sma_ff0_maxSegLen,-0.03370902925450357,0.04906294312886379,-0.12987063076261351,0.06245257225360637,0.49204692877108425,348,0.827172416342236,F0
PHQ,F0final_sma_ff0_minSegLen,-1.6290733124287884,5953078.768193701,-11667821.611863036,11667818.35371641,0.9999997816571063,348,0.9999997816571063,F0
PHQ,F0final_sma_ff0_segLenStddev,-0.03645560636773648,0.053500387304025884,-0.14131443864257118,0.06840322590709821,0.49561319130699755,348,0.827172416342236,F0
BAI,F0final_sma_amean,0.15679228017839772,0.10225409076567045,-0.04362205499420607,0.3572066153510015,0.1251873049330169,348,0.6112086064376708,F0
BAI,F0final_sma_flatness,-0.05422372996583783,0.06141502788558813,-0.17459497273111366,0.06614751279943801,0.37728676809128714,348,0.7386447993146118,F0
BAI,F0final_sma_posamean,0.15679228017839772,0.10225409076567045,-0.04362205499420607,0.3572066153510015,0.1251873049330169,348,0.6112086064376708,F0
BAI,F0final_sma_rqmean,0.15640920281395362,0.0959108685203975,-0.03157264521198189,0.34439105083988913,0.10293746064911849,348,0.6112086064376708,F0
BAI,F0final_sma_range,0.025561484185453065,0.04042237093833156,-0.05366490702339534,0.10478787539430147,0.527151767139095,348,0.7813142262954443,F0
BAI,F0final_sma_maxPos,0.044033541204827054,0.03626922423962699,-0.027052832052048975,0.11511991446170308,0.22471926684131738,348,0.6641955893954844,F0
BAI,F0final_sma_minPos,0.014649504240708012,0.035967410190127516,-0.055845324349120866,0.08514433283053689,0.6837881105472567,348,0.8470807936630195,F0
BAI,F0final_sma_linregc1,0.028229081189486648,0.034922558577675344,-0.04021787587074736,0.09667603824972067,0.41889850416089414,348,0.7386447993146118,F0
BAI,F0final_sma_linregc2,0.057141742815473545,0.07365548513895959,-0.08722035532071243,0.20150384095165952,0.4378685476103261,348,0.7386447993146118,F0
BAI,F0final_sma_linregerrQ,0.05764101489091952,0.04515814448285819,-0.03086732190413867,0.1461493516859777,0.20180508625343307,348,0.6641955893954844,F0
BAI,F0final_sma_qregc1,0.05372425934958948,0.03319077960403102,-0.011328473293117924,0.11877699199229688,0.10552256498693215,348,0.6112086064376708,F0
BAI,F0final_sma_qregc2,-0.04053889168339641,0.03508728187362897,-0.10930870047111427,0.02823091710432144,0.247937788741742,348,0.6641955893954844,F0
BAI,F0final_sma_qregc3,0.06231855555729146,0.07202319233310277,-0.07884430746719132,0.20348141858177424,0.3868978664749515,348,0.7386447993146118,F0
BAI,F0final_sma_qregerrQ,0.05788486293148072,0.04515904552542442,-0.03062523987455583,0.14639496573751726,0.19991282682651612,348,0.6641955893954844,F0
BAI,F0final_sma_centroid,-0.006791248971311582,0.03441625534332993,-0.07424586992697244,0.06066337198434927,0.8435718210811256,348,0.9093046902562782,F0
BAI,F0final_sma_quartile1,0.07199825876095028,0.10374770021355459,-0.1313434971364752,0.27534001465837576,0.48769819845857754,348,0.7637537824917346,F0
BAI,F0final_sma_quartile2,0.21067836569571627,0.1333864846210332,-0.0507543401859146,0.4721110715773471,0.11423101625361967,348,0.6112086064376708,F0
BAI,F0final_sma_quartile3,0.15146008386205714,0.09309345600250528,-0.030999737099217328,0.3339199048233316,0.10374387160835663,348,0.6112086064376708,F0
BAI,F0final_sma_iqr1-2,0.03782851940702238,0.04419574192184612,-0.04879354302982304,0.1244505818438678,0.3920357735761668,348,0.7386447993146118,F0
BAI,F0final_sma_iqr2-3,0.05316818127759118,0.05783953398039711,-0.06019522220656778,0.16653158476175015,0.3579721502495419,348,0.7386447993146118,F0
BAI,F0final_sma_iqr1-3,0.05725619365965606,0.050790614200450564,-0.042291580925895675,0.15680396824520781,0.2596162093688581,348,0.6733795430504756,F0
BAI,F0final_sma_percentile1.0,0.06292005844980283,0.04684876873411348,-0.028901840989105726,0.1547419578887114,0.17925703095165224,348,0.6641955893954844,F0
BAI,F0final_sma_percentile99.0,0.04217551330374797,0.05441519627821515,-0.06447631161323172,0.14882733822072766,0.4382990888418976,348,0.7386447993146118,F0
BAI,F0final_sma_pctlrange0-1,0.030371461331715425,0.05495102626434735,-0.07733057105991997,0.13807349372335082,0.5804684904880493,348,0.7946966562993659,F0
BAI,F0final_sma_stddev,0.06765845439480966,0.055954466168569625,-0.04201028406975171,0.17732719285937104,0.2265975919158031,348,0.6641955893954844,F0
BAI,F0final_sma_skewness,-0.018634687100415114,0.06664835696352778,-0.14926306637769887,0.11199369217686865,0.7797866348724823,348,0.8798107338589403,F0
BAI,F0final_sma_kurtosis,-0.04837030361753429,0.051210156550588415,-0.14874036609934552,0.051999758864276935,0.34489115476654475,348,0.7386447993146118,F0
BAI,F0final_sma_upleveltime25,0.055313359107437496,0.07349650985391103,-0.0887371531956213,0.19936387141049627,0.4516912517117453,348,0.7386447993146118,F0
BAI,F0final_sma_upleveltime50,0.05018366278421889,0.040404056193151267,-0.029006832183690115,0.1293741577521279,0.21421989723588308,348,0.6641955893954844,F0
BAI,F0final_sma_upleveltime75,0.06454244424763622,0.04063409044038888,-0.01509890956006929,0.14418379805534173,0.1122000608308978,348,0.6112086064376708,F0
BAI,F0final_sma_upleveltime90,0.01945176373144632,0.0417954867042022,-0.06246588492511268,0.10136941238800531,0.6416425635994603,348,0.8227034621864261,F0
BAI,F0final_sma_risetime,0.08820897719785198,0.05441105675401158,-0.018434734400775574,0.19485268879647955,0.10498353206648728,348,0.6112086064376708,F0
BAI,F0final_sma_leftctime,-0.050730290093675356,0.06321957721022563,-0.17463838454356678,0.07317780435621606,0.4222950749927744,348,0.7386447993146118,F0
BAI,F0final_sma_lpgain,0.025782337434050857,0.057557824342698446,-0.08702892530612091,0.13859360017422262,0.6541979337867967,348,0.8227034621864261,F0
BAI,F0final_sma_lpc0,0.002556230731591567,0.05011138688738049,-0.0956602827830269,0.10077274424621005,0.9593167747068451,348,0.9886661969945008,F0
BAI,F0final_sma_lpc1,0.0037208144656603807,0.047996226250861806,-0.09035006037986468,0.09779168931118543,0.9382074449546706,348,0.9886661969945008,F0
BAI,F0final_sma_lpc2,-0.012920441388246058,0.039376913651944255,-0.09009777396840038,0.06425689119190825,0.7428192336624844,348,0.8683661463941719,F0
BAI,F0final_sma_lpc3,-0.009176511998615798,0.03546227823600655,-0.07868130015092722,0.060328276153695626,0.7958140495649861,348,0.8807008815185846,F0
BAI,F0final_sma_lpc4,0.030365365945505235,0.03834543332750717,-0.04479030234799071,0.10552103423900118,0.4284248069378901,348,0.7386447993146118,F0
BAI,F0final_sma_de_amean,0.02967674103513347,0.035296401077158535,-0.03950293385997802,0.09885641593024497,0.400467495655215,348,0.7386447993146118,F0
BAI,F0final_sma_de_flatness,-0.0644265714005813,0.03635268486679542,-0.1356765244808346,0.006823381679671975,0.07635066791081514,348,0.6112086064376708,F0
BAI,F0final_sma_de_posamean,0.03895541448818196,0.03547816762912747,-0.030580516302382676,0.1084913452787466,0.27219973312665,348,0.6846235711973319,F0
BAI,F0final_sma_de_rqmean,0.04070253323780812,0.035237211703757106,-0.028361132617169077,0.10976619909278532,0.2480491296492714,348,0.6641955893954844,F0
BAI,F0final_sma_de_range,0.03322349801291599,0.03586694777286115,-0.03707442785727097,0.10352142388310295,0.35429090288863563,348,0.7386447993146118,F0
BAI,F0final_sma_de_maxPos,-0.056704870314969485,0.03498379266827969,-0.1252718439874141,0.011862103357475104,0.10504128940994495,348,0.6112086064376708,F0
BAI,F0final_sma_de_minPos,-0.044751296585576875,0.03641042162876369,-0.11611441163987192,0.02661181846871817,0.21904206451037156,348,0.6641955893954844,F0
BAI,F0final_sma_de_linregc1,-0.018568759944112712,0.03692163164839335,-0.0909338282254179,0.05379630833719248,0.6150179871813612,348,0.8102617926357616,F0
BAI,F0final_sma_de_linregc2,0.009956509829753334,0.03639378726915902,-0.06137400247881067,0.08128702213831734,0.784409569946525,348,0.8798107338589403,F0
BAI,F0final_sma_de_linregerrQ,-0.07960619382503467,0.04158181504113008,-0.16110505371745554,0.001892666067386195,0.05556302584685199,348,0.6112086064376708,F0
BAI,F0final_sma_de_qregc1,0.008208890332090902,0.03581608104365753,-0.061989338580845606,0.07840711924502741,0.8187168456591174,348,0.8941249761803519,F0
BAI,F0final_sma_de_qregc2,-0.016909309826381596,0.03679312611183894,-0.08902251188422616,0.055203892231462964,0.6458191822913537,348,0.8227034621864261,F0
BAI,F0final_sma_de_qregc3,0.010033027392059031,0.036383846662328745,-0.061278001685133164,0.08134405646925122,0.7827362539702304,348,0.8798107338589403,F0
BAI,F0final_sma_de_qregerrQ,-0.07974977218032914,0.04159436766095664,-0.1612732347555217,0.0017736903948634003,0.05519710997522314,348,0.6112086064376708,F0
BAI,F0final_sma_de_centroid,-0.059974046125005016,0.03530577741756146,-0.12917209830961304,0.009224006059603003,0.08937507190024117,348,0.6112086064376708,F0
BAI,F0final_sma_de_quartile1,0.056707619215723364,0.041407100399694856,-0.024448806271912628,0.13786404470335936,0.17083854454699243,348,0.6641955893954844,F0
BAI,F0final_sma_de_quartile2,0.07348550932511053,0.04231448422085276,-0.009449355772149295,0.15642037442237033,0.08244871656863156,348,0.6112086064376708,F0
BAI,F0final_sma_de_quartile3,-0.06733546334232293,0.04530215867672551,-0.15612606277062363,0.02145513608597778,0.13718306761903937,348,0.6325663673544593,F0
BAI,F0final_sma_de_iqr1-2,-0.051776782983482914,0.041438253423223645,-0.13299426727524488,0.02944070130827904,0.2114850292057071,348,0.6641955893954844,F0
BAI,F0final_sma_de_iqr2-3,-0.0783363152537883,0.04286157438804891,-0.16234345737504857,0.005670826867471973,0.06760083941251849,348,0.6112086064376708,F0
BAI,F0final_sma_de_iqr1-3,-0.060876852598731726,0.04186758269644293,-0.14293580680351223,0.021182101606048775,0.14593711936041215,348,0.637514784574432,F0
BAI,F0final_sma_de_percentile1.0,0.021470484057327568,0.04110338927169309,-0.05909067855772092,0.10203164667237606,0.6014244829585584,348,0.8051327755735541,F0
BAI,F0final_sma_de_percentile99.0,-0.040867932465007306,0.04211588764309296,-0.12341355542240501,0.041677690492390396,0.3318628235109935,348,0.7386447993146118,F0
BAI,F0final_sma_de_pctlrange0-1,-0.0312944970157352,0.04178252646821682,-0.1131867440765317,0.050597750045061306,0.4538660815065687,348,0.7386447993146118,F0
BAI,F0final_sma_de_stddev,0.040700431848458195,0.03523717465542749,-0.028363161393127286,0.10976402509004368,0.24807305146096403,348,0.6641955893954844,F0
BAI,F0final_sma_de_skewness,-0.012958483797798627,0.03614025774656386,-0.08379208737305849,0.05787511977746124,0.7199235921206573,348,0.8596599350014416,F0
BAI,F0final_sma_de_kurtosis,0.07436232141037237,0.03865521981984589,-0.0014005172510044572,0.1501251600717492,0.054388061260332535,348,0.6112086064376708,F0
BAI,F0final_sma_de_upleveltime25,0.019500324237917754,0.035386245140343886,-0.04985544178526177,0.08885609026109728,0.581585183628488,348,0.7946966562993659,F0
BAI,F0final_sma_de_upleveltime50,0.0206001372550496,0.0371385904602057,-0.052190162483536404,0.0933904369936356,0.5791116445797672,348,0.7946966562993659,F0
BAI,F0final_sma_de_upleveltime75,-0.021818497072409872,0.036281103353110467,-0.09292815296388178,0.04929115881906203,0.5475911904565054,348,0.7946966562993659,F0
BAI,F0final_sma_de_upleveltime90,0.024323458117734686,0.035934001078837395,-0.04610588981721005,0.09475280605267943,0.4984741225354443,348,0.7661731883415163,F0
BAI,F0final_sma_de_risetime,-0.04921809737213237,0.05751905443419865,-0.1619533724879606,0.06351717774369588,0.3921729505192869,348,0.7386447993146118,F0
BAI,F0final_sma_de_leftctime,0.0022498152107588844,0.05104267741340155,-0.09779199419400424,0.102291624615522,0.9648429151392116,348,0.9886661969945008,F0
BAI,F0final_sma_de_lpgain,0.05815030513055795,0.034043359515405554,-0.008573453432385886,0.12487406369350179,0.08761319648372294,348,0.6112086064376708,F0
BAI,F0final_sma_de_lpc0,-0.03160674055354352,0.03617633623168628,-0.10251105666026009,0.03929757555317304,0.3822895473928566,348,0.7386447993146118,F0
BAI,F0final_sma_de_lpc1,0.019404569481766606,0.03544391733311738,-0.05006423196215841,0.08887337092569163,0.5840541690874859,348,0.7946966562993659,F0
BAI,F0final_sma_de_lpc2,0.012059881291852547,0.03428390103850869,-0.05513532999315983,0.07925509257686493,0.725014403013264,348,0.8596599350014416,F0
BAI,F0final_sma_de_lpc3,-0.023563469315597704,0.035932429884840404,-0.09398973776689562,0.04686279913570021,0.5119710512966171,348,0.7726108592294404,F0
BAI,F0final_sma_de_lpc4,0.03690679063920687,0.035334986536016175,-0.03234851036559256,0.1061620916440063,0.29626200793471535,348,0.7232278428994522,F0
BAI,F0final_sma_ff0_nnz,-0.001399214120153553,0.06029937701091435,-0.11958382135174817,0.11678539311144107,0.9814871857860281,348,0.993456541710248,F0
BAI,F0final_sma_ff0_meanSegLen,0.0026963972429840458,0.049917327411691206,-0.09513976668842472,0.1005325611743928,0.9569214129909988,348,0.9886661969945008,F0
BAI,F0final_sma_ff0_maxSegLen,-0.030551137670300495,0.04286959856219964,-0.11457400688390187,0.05347173154330089,0.47606065620738935,348,0.7598660474079484,F0
BAI,F0final_sma_ff0_minSegLen,-0.5378989424460237,3427922.264320562,-6718604.717770237,6718603.641972351,0.9999998747984264,348,0.9999998747984264,F0
BAI,F0final_sma_ff0_segLenStddev,-0.01730240389613129,0.0478403243415288,-0.11106771661424261,0.07646290882198004,0.7175987450447254,348,0.8596599350014416,F0
BHOL,F0final_sma_amean,-0.10536093393916822,0.11211530048850915,-0.3251028850125321,0.11438101713419564,0.3473431558006488,348,0.993500011840852,F0
BHOL,F0final_sma_flatness,0.05650461140455894,0.07484730494786748,-0.09019341063314791,0.2032026334422658,0.4502898981105542,348,0.993500011840852,F0
BHOL,F0final_sma_posamean,-0.10536093393916822,0.11211530048850915,-0.3251028850125321,0.11438101713419564,0.3473431558006488,348,0.993500011840852,F0
BHOL,F0final_sma_rqmean,-0.10584084524964817,0.10498408732071171,-0.31160587534805123,0.09992418484875491,0.31337725590814425,348,0.993500011840852,F0
BHOL,F0final_sma_range,-0.03458067087235562,0.054978464835807095,-0.14233648187583933,0.07317514013112811,0.5293583862046911,348,0.993500011840852,F0
BHOL,F0final_sma_maxPos,-0.005792244587612676,0.051970585691583346,-0.10765272079856869,0.09606823162334335,0.9112576389044859,348,0.993500011840852,F0
BHOL,F0final_sma_minPos,0.02136467116541745,0.05160307128503488,-0.07977549004490396,0.12250483237573885,0.6788599197192489,348,0.993500011840852,F0
BHOL,F0final_sma_linregc1,-0.0735659466154221,0.05043517795260476,-0.17241707895639602,0.025285185725551815,0.14466870282233613,348,0.9434401448759878,F0
BHOL,F0final_sma_linregc2,-0.011612021886822033,0.09474790716956631,-0.19731450754971638,0.17409046377607232,0.9024578847273897,348,0.993500011840852,F0
BHOL,F0final_sma_linregerrQ,-0.03233693113766476,0.059216251447389366,-0.14839865127401577,0.08372478899868624,0.5850095477115911,348,0.993500011840852,F0
BHOL,F0final_sma_qregc1,-0.025695563487580494,0.04959365337827079,-0.12289733797075443,0.07150621099559344,0.6043731429298499,348,0.993500011840852,F0
BHOL,F0final_sma_qregc2,-0.016835622716254824,0.051049496993029055,-0.11689079825147757,0.08321955281896791,0.7415585091550598,348,0.993500011840852,F0
BHOL,F0final_sma_qregc3,-0.013835803969855977,0.0935543937424686,-0.19719904630057383,0.16952743836086187,0.8824292033617133,348,0.993500011840852,F0
BHOL,F0final_sma_qregerrQ,-0.03223520724186874,0.059221108405987065,-0.14830644684214564,0.08383603235840814,0.586221594126753,348,0.993500011840852,F0
BHOL,F0final_sma_centroid,-0.06922766802438567,0.05017132404581212,-0.16756165621086583,0.02910632016209448,0.16764040541809588,348,0.9434401448759878,F0
BHOL,F0final_sma_quartile1,-0.006794879682545646,0.11966779743053899,-0.24133945275563687,0.2277496933905456,0.9547194996981535,348,0.993500011840852,F0
BHOL,F0final_sma_quartile2,-0.08648641895372262,0.1383706779806489,-0.3576879643121839,0.1847151264047387,0.5319485507576522,348,0.993500011840852,F0
BHOL,F0final_sma_quartile3,-0.14011650967226075,0.10203247564722123,-0.34009648719427454,0.05986346784975302,0.16967338426574197,348,0.9434401448759878,F0
BHOL,F0final_sma_iqr1-2,-0.04944300175942463,0.058279594567051105,-0.163668908144441,0.06478290462559175,0.3962286764522893,348,0.993500011840852,F0
BHOL,F0final_sma_iqr2-3,-0.12341188817567147,0.06917702706027759,-0.2589963697713683,0.01217259342002533,0.07442349626995562,348,0.9434401448759878,F0
BHOL,F0final_sma_iqr1-3,-0.10270251601466167,0.06256492244282325,-0.22532751069813697,0.019922478668813637,0.1006863878375233,348,0.9434401448759878,F0
BHOL,F0final_sma_percentile1.0,0.12420489448335435,0.062110023053038886,0.002471486220445643,0.24593830274626305,0.04552661231167488,348,0.9434401448759878,F0
BHOL,F0final_sma_percentile99.0,-0.05261481981114328,0.0657031369027637,-0.1813906018118647,0.07616096218957816,0.4232496617324154,348,0.993500011840852,F0
BHOL,F0final_sma_pctlrange0-1,-0.074215809162603,0.06578705266431287,-0.20315606303369604,0.05472444470849004,0.25926847791574503,348,0.993500011840852,F0
BHOL,F0final_sma_stddev,-0.05288820850682555,0.06610236992089873,-0.18244647284453083,0.07667005583087974,0.4236554700012686,348,0.993500011840852,F0
BHOL,F0final_sma_skewness,0.12556317791782196,0.0848276290209966,-0.04069591985725607,0.2918222756929,0.13881572442422724,348,0.9434401448759878,F0
BHOL,F0final_sma_kurtosis,0.12445259768320206,0.06822396189289065,-0.009263910509496695,0.2581691058759008,0.0681252831259052,348,0.9434401448759878,F0
BHOL,F0final_sma_upleveltime25,-0.04634465124379631,0.09070428159410897,-0.2241217764118292,0.1314324739242366,0.6093914836868954,348,0.993500011840852,F0
BHOL,F0final_sma_upleveltime50,-0.005915814126931418,0.055409019887889516,-0.11451549752585845,0.10268386927199562,0.914974410713188,348,0.993500011840852,F0
BHOL,F0final_sma_upleveltime75,-0.002152191937387505,0.05639941836450006,-0.11269302068081453,0.10838863680603954,0.9695602525193857,348,0.993500011840852,F0
BHOL,F0final_sma_upleveltime90,0.01833986775866333,0.05795841951686439,-0.09525654709525425,0.1319362826125809,0.7516750352304926,348,0.993500011840852,F0
BHOL,F0final_sma_risetime,-0.10475290814933663,0.06509320371795624,-0.2323332430748596,0.02282742677618635,0.10755607960610977,348,0.9434401448759878,F0
BHOL,F0final_sma_leftctime,-0.07722475179262933,0.06808107565163618,-0.21066120809858305,0.056211704513324384,0.2566663413822585,348,0.993500011840852,F0
BHOL,F0final_sma_lpgain,-0.026961455249815865,0.07116357548738286,-0.1664395002161837,0.11251658971655198,0.7047874144889832,348,0.993500011840852,F0
BHOL,F0final_sma_lpc0,0.11902006625325408,0.06343328188010287,-0.005306881652924755,0.2433470141594329,0.06061366552048206,348,0.9434401448759878,F0
BHOL,F0final_sma_lpc1,-0.1037181411682693,0.0638319672990775,-0.22882649813679967,0.02139021580026107,0.10419195627657685,348,0.9434401448759878,F0
BHOL,F0final_sma_lpc2,-0.07833252432246621,0.055862836627361134,-0.187821672186339,0.031156623541406595,0.16084668850642136,348,0.9434401448759878,F0
BHOL,F0final_sma_lpc3,0.029529312586210124,0.05148978634404749,-0.07138881421978525,0.1304474393922055,0.5663072492442078,348,0.993500011840852,F0
BHOL,F0final_sma_lpc4,-0.020926127113353832,0.05484377573064178,-0.1284179523216036,0.08656569809489595,0.7027886237871255,348,0.993500011840852,F0
BHOL,F0final_sma_de_amean,-0.025156832170861343,0.0512270127198991,-0.12555993213743882,0.07524626779571614,0.6233661282238909,348,0.993500011840852,F0
BHOL,F0final_sma_de_flatness,0.015572531181666684,0.05308105254855382,-0.08846442007497685,0.11960948243831021,0.7692372976609991,348,0.993500011840852,F0
BHOL,F0final_sma_de_posamean,-0.01983208263930938,0.05177559567782222,-0.12131038544594863,0.08164622016732986,0.7016907006711599,348,0.993500011840852,F0
BHOL,F0final_sma_de_rqmean,-0.02744858918735288,0.051368175815275675,-0.12812836373681463,0.07323118536210887,0.5930993453477174,348,0.993500011840852,F0
BHOL,F0final_sma_de_range,-0.026225479549220564,0.05154462160710814,-0.1272510814958976,0.07480012239745647,0.6108981848370575,348,0.993500011840852,F0
BHOL,F0final_sma_de_maxPos,0.012165392143879331,0.05129777395625176,-0.08837639729745088,0.11270718158520955,0.8125385330156079,348,0.993500011840852,F0
BHOL,F0final_sma_de_minPos,-0.026243608227392787,0.0519639215714642,-0.12809102300292663,0.07560380654814106,0.6135341305137014,348,0.993500011840852,F0
BHOL,F0final_sma_de_linregc1,0.010472177916467582,0.052281382154797676,-0.09199744816891095,0.11294180400184611,0.8412427155468449,348,0.993500011840852,F0
BHOL,F0final_sma_de_linregc2,0.0679884391914665,0.05225581619485783,-0.03443107853319974,0.17040795691613272,0.1932347284685758,348,0.9434401448759878,F0
BHOL,F0final_sma_de_linregerrQ,-0.028543117064813394,0.056289270346447984,-0.13886805965988988,0.0817818255302631,0.6120992625925045,348,0.993500011840852,F0
BHOL,F0final_sma_de_qregc1,-0.024511463690113183,0.05136441690998662,-0.12518387092058708,0.07616094354036071,0.6332146661548546,348,0.993500011840852,F0
BHOL,F0final_sma_de_qregc2,0.011708750208484291,0.052179542690018975,-0.09056127419372315,0.11397877461069172,0.8224511280554997,348,0.993500011840852,F0
BHOL,F0final_sma_de_qregc3,0.06801127875814864,0.05224625973433,-0.03438950864806338,0.17041206616436066,0.19300375826410265,348,0.9434401448759878,F0
BHOL,F0final_sma_de_qregerrQ,-0.02849024990292357,0.05630793070194947,-0.1388517661227217,0.08187126631687455,0.6128761366205546,348,0.993500011840852,F0
BHOL,F0final_sma_de_centroid,-0.018086639695194487,0.05205996424179237,-0.12012229464555059,0.08394901525516162,0.7282762874898938,348,0.993500011840852,F0
BHOL,F0final_sma_de_quartile1,0.007868178135648019,0.05604975224156981,-0.10198731760022196,0.11772367387151801,0.8883609724746858,348,0.993500011840852,F0
BHOL,F0final_sma_de_quartile2,-0.025042699055247957,0.05671691956964,-0.13620581872579735,0.08612042061530142,0.6588232536826473,348,0.993500011840852,F0
BHOL,F0final_sma_de_quartile3,-0.04474742562534704,0.05908006298268352,-0.16054222127576478,0.0710473700250707,0.4488083713426786,348,0.993500011840852,F0
BHOL,F0final_sma_de_iqr1-2,-0.015279327695704208,0.05604837213280349,-0.12513211846809746,0.09457346307668904,0.7851532851638109,348,0.993500011840852,F0
BHOL,F0final_sma_de_iqr2-3,-0.018868810176631074,0.05735190535797635,-0.1312764791230145,0.09353885876975233,0.7421552489848724,348,0.993500011840852,F0
BHOL,F0final_sma_de_iqr1-3,-0.016599398340772682,0.05643431415453159,-0.1272086215758736,0.09400982489432821,0.7686535102313102,348,0.993500011840852,F0
BHOL,F0final_sma_de_percentile1.0,0.0023313775985659003,0.055620547791447775,-0.10668289287306058,0.11134564807019239,0.9665658518263284,348,0.993500011840852,F0
BHOL,F0final_sma_de_percentile99.0,-0.006877688953240342,0.05660964779601646,-0.11783055981092985,0.10407518190444917,0.9033003767544033,348,0.993500011840852,F0
BHOL,F0final_sma_de_pctlrange0-1,-0.004527298268938451,0.05620940928183749,-0.11469571605361137,0.10564111951573446,0.9358050612588316,348,0.993500011840852,F0
BHOL,F0final_sma_de_stddev,-0.027449554900378276,0.0513680924459668,-0.1281291660489972,0.07323005624824067,0.5930857410522518,348,0.993500011840852,F0
BHOL,F0final_sma_de_skewness,-0.06995159084274011,0.05186071329134753,-0.17159672110633895,0.03169353942085874,0.1773896872848606,348,0.9434401448759878,F0
BHOL,F0final_sma_de_kurtosis,-0.0031801612141328546,0.05471681883822582,-0.11042315548565823,0.10406283305739253,0.9536527567941324,348,0.993500011840852,F0
BHOL,F0final_sma_de_upleveltime25,0.035083590223052116,0.05145607759602701,-0.06576846865085918,0.13593564909696343,0.49535514329233266,348,0.993500011840852,F0
BHOL,F0final_sma_de_upleveltime50,0.026477106995166148,0.052923978480617785,-0.07725198474541757,0.13020619873574987,0.616873956624961,348,0.993500011840852,F0
BHOL,F0final_sma_de_upleveltime75,0.0855955470305859,0.052089481250854615,-0.01649796019446355,0.18768905425563537,0.10033317624271444,348,0.9434401448759878,F0
BHOL,F0final_sma_de_upleveltime90,-3.0870809179945205e-05,0.051926033391597064,-0.10180402611673442,0.10174228449837452,0.9995256456354479,348,0.9999884404045113,F0
BHOL,F0final_sma_de_risetime,-0.07011003639774345,0.06510558955563177,-0.1977146471190288,0.05749457432354192,0.2815398559261293,348,0.993500011840852,F0
BHOL,F0final_sma_de_leftctime,0.07750990360913448,0.06279731712381698,-0.045570576279287206,0.20059038349755617,0.21709602910103254,348,0.993500011840852,F0
BHOL,F0final_sma_de_lpgain,-0.03336878320392654,0.05065744191636944,-0.13265554490894033,0.06591797850108726,0.5100792254841316,348,0.993500011840852,F0
BHOL,F0final_sma_de_lpc0,0.01274658287117686,0.05193177267458113,-0.08903782122432347,0.11453098696667718,0.8061090728368243,348,0.993500011840852,F0
BHOL,F0final_sma_de_lpc1,-0.00854424647393943,0.05133541742368377,-0.10915981575568959,0.09207132280781072,0.8678110102222885,348,0.993500011840852,F0
BHOL,F0final_sma_de_lpc2,0.042870933200433586,0.050212019385990646,-0.05554281638713508,0.14128468278800227,0.3932167962249886,348,0.993500011840852,F0
BHOL,F0final_sma_de_lpc3,-0.04222824189915274,0.05183262398527741,-0.1438183181345034,0.05936183433619795,0.415241809492363,348,0.993500011840852,F0
BHOL,F0final_sma_de_lpc4,-0.018861655932855305,0.05140146258454449,-0.11960667135124564,0.08188335948553502,0.7136579217654577,348,0.993500011840852,F0
BHOL,F0final_sma_ff0_nnz,-0.13691100336133172,0.07036520970818137,-0.27482428015397536,0.0010022734313119286,0.05168837001188995,348,0.9434401448759878,F0
BHOL,F0final_sma_ff0_meanSegLen,-0.030911506158367387,0.06441886133655332,-0.15717015430309167,0.09534714198635691,0.6313327811248399,348,0.993500011840852,F0
BHOL,F0final_sma_ff0_maxSegLen,-0.05110700753252545,0.05819239092472106,-0.16516199791925423,0.06294798285420332,0.37981235029833893,348,0.993500011840852,F0
BHOL,F0final_sma_ff0_minSegLen,-60.788110594786545,4195812.471967659,-8223702.119051182,8223580.542829991,0.9999884404045113,348,0.9999884404045113,F0
BHOL,F0final_sma_ff0_segLenStddev,-0.04752577557498706,0.06202086039699374,-0.16908442824328135,0.07403287709330722,0.44350558511085714,348,0.993500011840852,F0
HAMD,liwc_analytical_thinking,0.020097457874668222,0.04607053438350333,-0.07019913026551253,0.11039404601484898,0.6626681527220085,348,0.81859007100954,LIWC
HAMD,liwc_clout,0.059806077580760744,0.04968195034437898,-0.037568755775929386,0.15718091093745087,0.22867509346365522,348,0.5646635427786095,LIWC
HAMD,liwc_authentic,-0.06125306966882152,0.04744672994698852,-0.15424695154911705,0.03174081221147401,0.1967084915059052,348,0.5475087464921075,LIWC
HAMD,liwc_emotional_tone,-0.21423959047420588,0.04415182182303596,-0.30077557109918596,-0.1277036098492258,1.220140563710925e-06,348,6.405737959482355e-05,LIWC
HAMD,liwc_six_plus_words,0.07833125358002418,0.0454225689648715,-0.010695345676410756,0.16735785283645913,0.08461748632827656,348,0.37020150268621,LIWC
HAMD,liwc_dictionary_words,-0.10435127562515763,0.042058664421125644,-0.18678474312842006,-0.0219178081218952,0.013098178697830821,348,0.15281208480802624,LIWC
HAMD,liwc_function_words,0.04098152431205169,0.04762060599903357,-0.052353148368026146,0.13431619699212952,0.38946728547654585,348,0.6595816931457631,LIWC
HAMD,liwc_pronouns,0.07453077143151066,0.046271925064505406,-0.01616053519025616,0.1652220780532775,0.10724238425120902,348,0.3977660572790864,LIWC
HAMD,liwc_personal_pronouns,0.055325516449352484,0.053552170232285985,-0.04963480849988603,0.160285841398591,0.3015503806936568,348,0.6208390190751758,LIWC
HAMD,liwc_i,0.008008623060101337,0.04859256325911324,-0.0872310508442449,0.10324829696444757,0.8690921930604201,348,0.9526967168570958,LIWC
HAMD,liwc_we,-0.038269072170592854,0.042166587012280675,-0.12091406406563737,0.04437591972445167,0.36410616739927104,348,0.6476480006288423,LIWC
HAMD,liwc_you,0.05651190579591465,0.046084470436086246,-0.03381199650541527,0.14683580809724456,0.22009788492990434,348,0.5646635427786095,LIWC
HAMD,liwc_she_he,0.006075730857970376,0.04876797719098514,-0.08950774803523133,0.10165920975117208,0.900852551881649,348,0.9640398439730786,LIWC
HAMD,liwc_they,0.09262624163585763,0.04299277698401111,0.008361947151833277,0.17689053611988198,0.03120407309077472,348,0.21842851163542304,LIWC
HAMD,liwc_impersonal_pronouns,0.04349988253227907,0.0485319162446745,-0.05162092540799733,0.13862069047255549,0.3700845717879099,348,0.6476480006288423,LIWC
HAMD,liwc_articles,-0.02924743943402584,0.046635232578146384,-0.12065081569784177,0.06215593682979008,0.5305587597870308,348,0.77373152468942,LIWC
HAMD,liwc_prepositions,0.05668999907971611,0.04220446690153572,-0.026029236034006663,0.13940923419343887,0.17919986499619533,348,0.5475087464921075,LIWC
HAMD,liwc_auxiliary_verbs,-0.0949325076482079,0.04284401932653413,-0.1789052424811528,-0.010959772815262989,0.026707234139901167,348,0.21842851163542304,LIWC
HAMD,liwc_adverbs,-0.07357632421437081,0.04763953693126791,-0.16694810083982173,0.019795452411080106,0.12248219382556398,348,0.4148590436027167,LIWC
HAMD,liwc_conjunctions,0.029409100850381384,0.04777201308737248,-0.0642223242698448,0.12304052597060756,0.5381495746034184,348,0.7740507579912183,LIWC
HAMD,liwc_negations,-0.027113548582361386,0.04671261930708583,-0.11866860004777999,0.06444150288305722,0.5616226159363873,348,0.7862716623109421,LIWC
HAMD,liwc_other_grammar,-0.0403003718120449,0.04408306977483787,-0.12670160089869334,0.04610085727460355,0.36061618051678923,348,0.6476480006288423,LIWC
HAMD,liwc_verbs,-0.002050639018749721,0.04614741792036422,-0.09249791612218186,0.08839663808468243,0.9645563072467701,348,0.9738308871241429,LIWC
HAMD,liwc_adjectives,-0.0891975397419449,0.04077574981401065,-0.1691165408200216,-0.009278538663868213,0.028704993425028066,348,0.21842851163542304,LIWC
HAMD,liwc_comparisons,-0.017416683959636838,0.043126056264296185,-0.10194220103290536,0.06710883311363167,0.6863191698768207,348,0.8283162395065077,LIWC
HAMD,liwc_interrogatives,0.033938425522329375,0.04474952387972848,-0.05376902960725354,0.12164588065191229,0.448206387431894,348,0.7024129952290876,LIWC
HAMD,liwc_numbers,0.007585098659474089,0.04521999848490712,-0.08104446975189968,0.09621466707084785,0.8667896339725293,348,0.9526967168570958,LIWC
HAMD,liwc_quantifiers,-0.07906610376275383,0.04698392272718062,-0.17115290016044077,0.013020692634933093,0.09240739125160005,348,0.38811104325672025,LIWC
HAMD,liwc_affective_processes,-0.08669511531631546,0.04355492493926595,-0.17206119954662213,-0.0013290310860087917,0.046538316646867396,348,0.28744254399535746,LIWC
HAMD,liwc_positive_emotion_words,-0.19811454597852507,0.04371902883521963,-0.28380226793462365,-0.11242682402242649,5.855513218849259e-06,348,0.00020494296265972407,LIWC
HAMD,liwc_negative_emotion_words,0.06959745310062622,0.044223788013117854,-0.017079578665018927,0.15627448486627138,0.11554386266787928,348,0.4044035193375775,LIWC
HAMD,liwc_anxiety_words,0.0008825254444439903,0.04451522351944075,-0.08636570941741023,0.08813076030629821,0.9841827750849884,348,0.9841827750849884,LIWC
HAMD,liwc_anger_words,0.041022351242220874,0.04503830929767843,-0.0472511129058043,0.12929581539024604,0.3623836894586946,348,0.6476480006288423,LIWC
HAMD,liwc_sad_words,0.03978262416469382,0.0418040840152791,-0.04215187491193979,0.12171712324132743,0.3412773350619196,348,0.6476480006288423,LIWC
HAMD,liwc_social_processes,0.10187280715364865,0.050921812807433,0.002067888023589509,0.20167772628370778,0.04543841861758217,348,0.28744254399535746,LIWC
HAMD,liwc_family,0.19702545081015763,0.04863747114876096,0.10169775905948017,0.2923531425608351,5.102137373054018e-05,348,0.0013393110604266796,LIWC
HAMD,liwc_friends,-0.1042788963975944,0.045216053260105,-0.19290073231044508,-0.015657060484743704,0.021097440901822574,348,0.2148869258448629,LIWC
HAMD,liwc_female,0.08092317478974362,0.05061411189453459,-0.018278661633024537,0.1801250112125118,0.10985919677231912,348,0.3977660572790864,LIWC
HAMD,liwc_male,0.028885248958329734,0.04822401696297893,-0.0656320874789576,0.12340258539561708,0.5491858444201483,348,0.7792501846502103,LIWC
HAMD,liwc_cognitive_processes,0.009428322421318833,0.04809279628348521,-0.08483182621013394,0.1036884710527716,0.8445754298369784,348,0.9526967168570958,LIWC
HAMD,liwc_insight,0.024781425807932314,0.0475352985362362,-0.06838604731745018,0.11794889893331481,0.6021391238030684,348,0.8105718974272075,LIWC
HAMD,liwc_causation,0.04002412881379277,0.04221440962197992,-0.042714593673908986,0.12276285130149453,0.3430707459714013,348,0.6476480006288423,LIWC
HAMD,liwc_discrepancies,0.11514314680799849,0.043560006874181316,0.02976710216828593,0.20051919144771105,0.008209679502046778,348,0.10775204346436396,LIWC
HAMD,liwc_tentative,-0.04119190538345291,0.043623774684548644,-0.12669293263485842,0.04430912186795259,0.3450400814096074,348,0.6476480006288423,LIWC
HAMD,liwc_certainty,0.06929805579892429,0.04255732628810453,-0.01411277100408026,0.15270888260192883,0.10345152205343554,348,0.3977660572790864,LIWC
HAMD,liwc_differentiation,-0.025667418688847168,0.04679087335275028,-0.11737584526541264,0.0660410078877183,0.5833101244367586,348,0.7989194682711199,LIWC
HAMD,liwc_perceptual_processes,0.05818625357059732,0.04443251484737883,-0.028899875272806415,0.14527238241400106,0.19035075032579918,348,0.5475087464921075,LIWC
HAMD,liwc_see,0.01324685194059101,0.04262385238661841,-0.0702943636195327,0.09678806750071473,0.7559641097593838,348,0.891867769940846,LIWC
HAMD,liwc_hear,0.01519184903761777,0.044476711696172545,-0.07198090403765181,0.10236460211288734,0.7326755558950946,348,0.8742151519202833,LIWC
HAMD,liwc_feel,0.07168545536072267,0.043194623122957805,-0.012974450286055664,0.15634536100750102,0.09699653838283132,348,0.3917167896229726,LIWC
HAMD,liwc_biological_processes,0.0494866658796025,0.045295380936802146,-0.03929064942255184,0.13826398118175684,0.2745992093807704,348,0.6006857705204354,LIWC
HAMD,liwc_body,0.003457647376773218,0.04339696405452359,-0.08159883920847234,0.08851413396201878,0.9364958484309907,348,0.9640398439730786,LIWC
HAMD,liwc_health,0.10644442445716845,0.04665306475253906,0.015006097773776844,0.19788275114056006,0.02251196365993802,348,0.2148869258448629,LIWC
HAMD,liwc_sexual,0.01942099568152028,0.04105495386116521,-0.06104523527331715,0.09988722663635771,0.6361783806405608,348,0.8112422979685504,LIWC
HAMD,liwc_ingestion,-0.0036806385582364635,0.04412761786299365,-0.09016918029325036,0.08280790317677744,0.9335263670825733,348,0.9640398439730786,LIWC
HAMD,liwc_drives,-0.05570489058120068,0.043287735098627544,-0.14054729234682106,0.02913751118441972,0.1981460225400008,348,0.5475087464921075,LIWC
HAMD,liwc_affiliation,0.0022670536934204367,0.04400028801638801,-0.08397192612808939,0.08850603351493026,0.9589082885255469,348,0.9738308871241429,LIWC
HAMD,liwc_achievement,-0.049740578288573985,0.04444732618690436,-0.13685573682401053,0.03737458024686257,0.2631015533664387,348,0.5877800660314055,LIWC
HAMD,liwc_power,0.028443044481110326,0.04098730041593428,-0.051890588157644434,0.10877667711986508,0.48771498324051066,348,0.7421749744964292,LIWC
HAMD,liwc_reward,-0.13689240351291476,0.04165441540614873,-0.21853355750603665,-0.05525124951979288,0.0010148256925460722,348,0.017759449619556264,LIWC
HAMD,liwc_risk,-0.010306889611950781,0.042809161538470517,-0.09421130443571028,0.07359752521180872,0.8097383108149949,348,0.9446946959508274,LIWC
HAMD,liwc_time_orientation,-0.02897515561927588,0.045238026415739034,-0.11764005812579598,0.05968974688724421,0.5218447201345409,348,0.7733432996357671,LIWC
HAMD,liwc_focus_past,0.006348430970313372,0.04789571023228705,-0.08752543609893579,0.10022229803956254,0.8945516789415561,348,0.9640398439730786,LIWC
HAMD,liwc_focus_present,-0.043494470951101545,0.046624457556662904,-0.1348767285608772,0.04788778665867411,0.3508880545323704,348,0.6476480006288423,LIWC
HAMD,liwc_focus_future,0.04467733255101802,0.04217936412095348,-0.03799270201685176,0.1273473671188878,0.28949844915855005,348,0.6079467432329552,LIWC
HAMD,liwc_relativity,-0.07012636398662613,0.04658363409424689,-0.16142860908034218,0.021175881107089914,0.1322247924503934,348,0.4338626002278533,LIWC
HAMD,liwc_motion,-0.021258970322555207,0.046228839540812264,-0.11186583086962841,0.069347890224518,0.6456139774875731,348,0.8112422979685504,LIWC
HAMD,liwc_space,-0.055823335481941405,0.04461622498619544,-0.14326952958102054,0.031622858617137733,0.21086548508328307,348,0.5646635427786095,LIWC
HAMD,liwc_time,-0.04744380402744782,0.04465305918587531,-0.13496219183129884,0.04007458377640321,0.2880094830911327,348,0.6079467432329552,LIWC
HAMD,liwc_personal_concerns,-0.052432651376411024,0.04568701102685002,-0.14197754755032138,0.03711224479749933,0.2511135032042463,348,0.5762298593384502,LIWC
HAMD,liwc_work,-0.07883116014579226,0.04402975772319,-0.16512789953126894,0.007465579239684425,0.07338860173819794,348,0.3669430086909897,LIWC
HAMD,liwc_leisure,-0.07991712248513601,0.04405451427922471,-0.16626238382882197,0.006428138858549953,0.06966992049675662,348,0.36576708260797225,LIWC
HAMD,liwc_home,-0.018205295903983593,0.04380444751663799,-0.10406043539926907,0.06764984359130188,0.6776999278857634,348,0.8274243305581995,LIWC
HAMD,liwc_money,-0.11141662192627028,0.05140396221699591,-0.21216653653423997,-0.010666707318300578,0.030198922263885312,348,0.21842851163542304,LIWC
HAMD,liwc_religion,0.11694748148006823,0.041807934234582275,0.03500543611226782,0.19888952684786865,0.00515387302674853,348,0.07730809540122796,LIWC
HAMD,liwc_death,0.23653528995400486,0.044515737589285086,0.1492860475337702,0.32378453237423954,1.0752725733992445e-07,348,1.1290362020692065e-05,LIWC
HAMD,liwc_informal_language,-0.04149104698485537,0.04697887235520912,-0.13356794483536963,0.05058585086565889,0.3771361912550497,348,0.6491688537996757,LIWC
HAMD,liwc_swear_words,0.03360355470766939,0.03976341985470152,-0.0443313161096905,0.11153842552502928,0.3980621886555735,348,0.6634369810926226,LIWC
HAMD,liwc_netspeak,-0.03959225564917394,0.04003206607020667,-0.1180536633735069,0.03886915207515903,0.3226565137510998,348,0.6476480006288423,LIWC
HAMD,liwc_assent,-0.023001539496132213,0.0488300343141775,-0.11870664811577511,0.07270356912351067,0.6376028091759323,348,0.8112422979685504,LIWC
HAMD,liwc_nonfluencies,-0.04907054134611212,0.041463096066787324,-0.13033671632453964,0.03219563363231541,0.23662091316436973,348,0.5646635427786095,LIWC
HAMD,liwc_filler_words,-0.03495453019058513,0.042427561842680664,-0.11811102335408508,0.04820196297291482,0.4100169799143456,348,0.6726841076719732,LIWC
HAMD,liwc_all_punctuation,-0.08506317514474733,0.046799084725493885,-0.1767876957161539,0.006661345426659249,0.06912150460960993,348,0.36576708260797225,LIWC
HAMD,liwc_periods,-0.041676594204253924,0.0513786532467488,-0.14237690414205348,0.05902371573354564,0.41727059872104577,348,0.6740525056263047,LIWC
HAMD,liwc_commas,-0.05219169240170556,0.04560479443275536,-0.14157544701225883,0.03719206220884771,0.2524435574244639,348,0.5762298593384502,LIWC
HAMD,liwc_colons,-0.07305419335680123,0.04198539595569963,-0.15534405730662615,0.009235670593023687,0.08186067248278656,348,0.37020150268621,LIWC
HAMD,liwc_semicolons,0.023487401204825505,0.05160246928149939,-0.07765158010024778,0.1246263825098988,0.6489938383748404,348,0.8112422979685504,LIWC
HAMD,liwc_question_marks,0.020264346362226827,0.04205946804694254,-0.06217069621869376,0.10269938894314742,0.6299464304789257,348,0.8112422979685504,LIWC
HAMD,liwc_exclamations,0.051891924984398236,0.03962458323012882,-0.025770831049064052,0.12955468101786052,0.19033485479923173,348,0.5475087464921075,LIWC
HAMD,liwc_dashes,0.04950461524824326,0.04113915724951514,-0.031126651315136283,0.1301358818116228,0.22884269089003684,348,0.5646635427786095,LIWC
HAMD,liwc_quotes,-0.004705878820913534,0.04670986057050599,-0.09625552326199281,0.08684376562016576,0.9197512920810029,348,0.9640398439730786,LIWC
HAMD,liwc_apostrophes,-0.07592659915543819,0.04322812850389306,-0.1606521741421379,0.008798975831261532,0.07901731361808649,348,0.37020150268621,LIWC
HAMD,liwc_other_punctuation,-0.02918760410532187,0.04042676206652911,-0.10842260176728896,0.050047393556645225,0.4703023569918361,348,0.7262021688844528,LIWC
HAMD,liwc_low_empathy,-0.06855172903603511,0.04944767150863753,-0.16546738431233204,0.028363926240261808,0.16564036696883788,348,0.5270375312644842,LIWC
HAMD,liwc_high_empathy,0.09243334959547346,0.04974490675346105,-0.005064876055613496,0.1899315752465604,0.06314814102497218,348,0.36576708260797225,LIWC
HAMD,liwc_allure,-0.0517920931136179,0.04344029915492113,-0.13693351493490907,0.03334932870767327,0.23315965604050515,348,0.5646635427786095,LIWC
HAMD,liwc_absolutist,-0.03483574481175949,0.04543031271651133,-0.12387752154251372,0.05420603191899475,0.44320330266915,348,0.7024129952290876,LIWC
HAMD,liwc_action,-0.004616801401260099,0.04459046778404917,-0.09201251231179002,0.08277890950926982,0.9175361067382336,348,0.9640398439730786,LIWC
HAMD,liwc_inaction,-0.027612100246621547,0.04322228339260034,-0.11232621902570192,0.05710201853245883,0.5229273740394235,348,0.7733432996357671,LIWC
HAMD,liwc_abstract,-0.007967758309214345,0.04723374192593362,-0.1005441913391038,0.08460867472067513,0.8660421771770775,348,0.9526967168570958,LIWC
HAMD,liwc_concrete,-0.022791313765595123,0.048964136057444846,-0.11875925697230605,0.0731766294411158,0.6415952468682569,348,0.8112422979685504,LIWC
HAMD,liwc_agency_language,0.025079124100047312,0.04603157062809184,-0.0651410964828245,0.11529934468291912,0.5858742767321545,348,0.7989194682711199,LIWC
HAMD,liwc_communion_language,-0.007122543066407797,0.043873849541276114,-0.09311370803043814,0.07886862189762256,0.8710369982693447,348,0.9526967168570958,LIWC
HAMD,liwc_approach,0.010107183203382337,0.044506410850651566,-0.0771237791450374,0.09733814555180209,0.8203498748608332,348,0.9465575479163459,LIWC
HAMD,liwc_avoidance,0.16476430982258902,0.04665260069391269,0.07332689267739183,0.2562017269677862,0.0004128533223263671,348,0.00866991976885371,LIWC
PHQ,liwc_analytical_thinking,0.02225360586773755,0.0469708149992745,-0.06980749985533424,0.11431471159080933,0.6356602426261628,348,0.788594920754216,LIWC
PHQ,liwc_clout,0.11043785571574734,0.049979286470623156,0.01248025426031596,0.20839545717117872,0.027127898478668235,348,0.23736911168834707,LIWC
PHQ,liwc_authentic,-0.09261380185377203,0.04795911587219064,-0.18661194169364897,0.0013843379861048916,0.05347080769445889,348,0.3337374447591499,LIWC
PHQ,liwc_emotional_tone,-0.17355171928844848,0.045856585085822764,-0.26342897451065767,-0.08367446406623928,0.0001539170235005477,348,0.008080643733778753,LIWC
PHQ,liwc_six_plus_words,0.12133831964849308,0.045556253241916665,0.03204970402375033,0.21062693527323584,0.007733625085258206,348,0.11968357311845654,LIWC
PHQ,liwc_dictionary_words,-0.07765866954652083,0.04333199714892271,-0.16258782333660166,0.007270484243559985,0.07310439266152807,348,0.3337374447591499,LIWC
PHQ,liwc_function_words,0.04281886920563022,0.04825160423218445,-0.051752537285731745,0.1373902756969922,0.37485917089628296,348,0.6452493925263887,LIWC
PHQ,liwc_pronouns,0.043781006578644505,0.047307321819708835,-0.04893964039303067,0.13650165355031968,0.3547269831188484,348,0.6207722204579847,LIWC
PHQ,liwc_personal_pronouns,0.055515058061189254,0.05388028950445515,-0.05008836884413431,0.16111848496651282,0.30285007479752646,348,0.5901409283847262,LIWC
PHQ,liwc_i,-0.009360614905926443,0.04970395256938099,-0.10677857183120026,0.08805734201934737,0.8506200272693918,348,0.9113786006457769,LIWC
PHQ,liwc_we,0.026912357672142135,0.04325398010200488,-0.057863885515799574,0.11168860086008384,0.5338144510636447,348,0.7430309819854461,LIWC
PHQ,liwc_you,0.032608790200834216,0.04654688783877559,-0.058621433555591386,0.12383901395725982,0.4835789568004576,348,0.7430309819854461,LIWC
PHQ,liwc_she_he,0.06989421592568856,0.048710613960424844,-0.0255768331015781,0.16536526495295523,0.15131936401122714,348,0.44134814503274583,LIWC
PHQ,liwc_they,0.0636605102876406,0.04409819540655262,-0.022770364492412182,0.15009138506769337,0.14884925662966914,348,0.44134814503274583,LIWC
PHQ,liwc_impersonal_pronouns,0.0026809719860765103,0.04927194124772355,-0.09389025830783518,0.09925220227998821,0.956607126683002,348,0.9622113062796834,LIWC
PHQ,liwc_articles,-0.021641382490911337,0.04731211625319463,-0.11437142637954495,0.07108866139772227,0.6473711013487725,348,0.788594920754216,LIWC
PHQ,liwc_prepositions,0.050812471375231295,0.04333378015467274,-0.03412017704190381,0.1357451197923664,0.24096290847590673,348,0.5280118914716926,LIWC
PHQ,liwc_auxiliary_verbs,-0.053913637492588325,0.04411151801837622,-0.14037062411199536,0.032543349126818714,0.22162737424715562,348,0.5101439494797853,LIWC
PHQ,liwc_adverbs,-0.08343095994209485,0.048311199550948127,-0.1781191711118808,0.011257251227691112,0.08417688940094604,348,0.3485365165643557,LIWC
PHQ,liwc_conjunctions,0.07105543661564967,0.04826725340625808,-0.02354664169328441,0.16565751492458375,0.14098709096688805,348,0.44134814503274583,LIWC
PHQ,liwc_negations,-0.043840712516071224,0.047350108276679154,-0.1366452194024343,0.04896379437029184,0.35450621373763647,348,0.6207722204579847,LIWC
PHQ,liwc_other_grammar,-0.07176177042664372,0.04478604532383174,-0.15954080627133244,0.01601726541804499,0.10908390645323232,348,0.4090646491996212,LIWC
PHQ,liwc_verbs,-0.02104101921843961,0.04685842290303553,-0.11288184048073606,0.07079980204385684,0.6534072200534933,348,0.788594920754216,LIWC
PHQ,liwc_adjectives,-0.07511548365821416,0.041850015871299336,-0.15714000751839052,0.006909040201962188,0.07267386000446312,348,0.3337374447591499,LIWC
PHQ,liwc_comparisons,-0.02731434151628584,0.04398868600660661,-0.11353058181647585,0.05890189878390417,0.5346389993616962,348,0.7430309819854461,LIWC
PHQ,liwc_interrogatives,0.03502267158630891,0.045702271152527986,-0.054552133884329806,0.12459747705694763,0.4434845260844792,348,0.7271285800125251,LIWC
PHQ,liwc_numbers,-0.002840564434554436,0.04601129880608307,-0.09302105297638803,0.08733992410727916,0.9507728822710964,348,0.9622113062796834,LIWC
PHQ,liwc_quantifiers,-0.11334557757946007,0.047701137034928565,-0.2068380881895298,-0.019853066969390334,0.017493831756538417,348,0.20409470382628153,LIWC
PHQ,liwc_affective_processes,-0.04594607702566625,0.04465316621800609,-0.1334646746086388,0.041572520557306314,0.30350104888357343,348,0.5901409283847262,LIWC
PHQ,liwc_positive_emotion_words,-0.12721916540762998,0.04554333055676629,-0.21648245303489444,-0.03795587778036552,0.005216272662566703,348,0.10954172591390077,LIWC
PHQ,liwc_negative_emotion_words,0.057636264181920575,0.045317388724708585,-0.03118418559190978,0.14645671395575094,0.2034315693775285,348,0.4967515066195463,LIWC
PHQ,liwc_anxiety_words,-0.03240565645203611,0.04547604292312405,-0.12153706274075685,0.05672574983668463,0.4761010936872726,348,0.7430309819854461,LIWC
PHQ,liwc_anger_words,0.011349127784088194,0.045689548706738164,-0.07820074215100721,0.1008989977191836,0.8038275770148411,348,0.8978925062399821,LIWC
PHQ,liwc_sad_words,0.059563039997553795,0.04313899782688116,-0.02498784207228493,0.1441139220673925,0.16736390777416255,348,0.450595136315053,LIWC
PHQ,liwc_social_processes,0.12209645516673111,0.05103711480180903,0.022065548280349304,0.2221273620531129,0.016742823873925512,348,0.20409470382628153,LIWC
PHQ,liwc_family,0.1323678599083246,0.04989438267445083,0.0345766668355417,0.23015905298110748,0.007978904874563769,348,0.11968357311845654,LIWC
PHQ,liwc_friends,-0.019013188229954583,0.04621800541076955,-0.10959881427234025,0.07157243781243108,0.6807935176350852,348,0.8123104471782266,LIWC
PHQ,liwc_female,0.09418255762896158,0.051032917996430296,-0.005840123670027772,0.19420523892795094,0.06496111513853457,348,0.3337374447591499,LIWC
PHQ,liwc_male,0.08212238615198222,0.04838167509995385,-0.012703954555645644,0.1769487268596101,0.08962367568797718,348,0.3485365165643557,LIWC
PHQ,liwc_cognitive_processes,-0.03084276551709105,0.048720962909507844,-0.12633409811183824,0.06464856707765612,0.5267015289483071,348,0.7430309819854461,LIWC
PHQ,liwc_insight,-0.06687843654806643,0.048219451566116095,-0.16138682497192747,0.02762995187579463,0.1654540488504247,348,0.450595136315053,LIWC
PHQ,liwc_causation,0.04945020323329864,0.04324952823295767,-0.03531731445164664,0.1342177209182439,0.2528850973914416,348,0.5418966372673748,LIWC
PHQ,liwc_discrepancies,0.10212756894228642,0.04467222499341043,0.014571616845931931,0.1896835210386409,0.02224527293628991,348,0.23357536583104407,LIWC
PHQ,liwc_tentative,-0.0276646308397766,0.04450617843587383,-0.11489513766360251,0.059565875984049305,0.5342109752477524,348,0.7430309819854461,LIWC
PHQ,liwc_certainty,0.07831966027959682,0.0435803527270945,-0.007096261499060327,0.16373558205825395,0.07231461630157669,348,0.3337374447591499,LIWC
PHQ,liwc_differentiation,-0.03265811104999098,0.04762689580219258,-0.12600511151773033,0.060688889417748366,0.4928976902680787,348,0.7430309819854461,LIWC
PHQ,liwc_perceptual_processes,0.07995357820125365,0.04525286301175178,-0.008740403499104599,0.1686475599016119,0.07725869365752051,348,0.33800678475165225,LIWC
PHQ,liwc_see,0.056296808351648145,0.04358094444706302,-0.029120273176836242,0.14171388988013253,0.1964348065093935,348,0.4910870162734837,LIWC
PHQ,liwc_hear,0.024787561726860013,0.044980373253475654,-0.063372349861121,0.11294747331484103,0.5815822237097383,348,0.7633266686190316,LIWC
PHQ,liwc_feel,0.051906619804018464,0.04430585095704407,-0.0349312523761874,0.13874449198422434,0.24137686467277375,348,0.5280118914716926,LIWC
PHQ,liwc_biological_processes,0.021175046406174746,0.04629461038570881,-0.06956072262812846,0.11191081544047796,0.647385246823254,348,0.788594920754216,LIWC
PHQ,liwc_body,0.012339243495761305,0.044489169347962196,-0.07485792612834792,0.09953641311987053,0.781508395502099,348,0.8845958914654174,LIWC
PHQ,liwc_health,0.09079834101598042,0.047410849095506455,-0.0021252156876756384,0.18372189771963648,0.05547484682841133,348,0.3337374447591499,LIWC
PHQ,liwc_sexual,-0.01229165905506644,0.042127435530050474,-0.0948599154549984,0.07027659734486554,0.7704599941209075,348,0.8845958914654174,LIWC
PHQ,liwc_ingestion,-0.04218617635323136,0.04499390259941828,-0.13037260497199432,0.046000252265531595,0.34845123081757867,348,0.6207722204579847,LIWC
PHQ,liwc_drives,-0.009441298487062004,0.04438302487226165,-0.09643042876164028,0.07754783178751627,0.8315428802748352,348,0.902699405648132,LIWC
PHQ,liwc_affiliation,0.046510558579238075,0.04477680504675803,-0.041250366655179,0.13427148381365514,0.2989350221139708,348,0.5901409283847262,LIWC
PHQ,liwc_achievement,-0.00955625954498097,0.04557680284354861,-0.09888515164881898,0.07977263255885703,0.833922308074941,348,0.902699405648132,LIWC
PHQ,liwc_power,0.03970897794385112,0.042116976325096124,-0.042838778791063396,0.12225673467876563,0.3457699393690912,348,0.6207722204579847,LIWC
PHQ,liwc_reward,-0.08209454287166475,0.04320872133674611,-0.1667820805097145,0.0025929947663850123,0.0574392782511581,348,0.3337374447591499,LIWC
PHQ,liwc_risk,0.0226012577371989,0.04374003750706754,-0.06312764045908462,0.10833015593348241,0.60535314006871,348,0.7751473135026165,LIWC
PHQ,liwc_time_orientation,-0.06834810233617247,0.04592279775175031,-0.15835513199892004,0.021658927326575095,0.1366648929200685,348,0.44134814503274583,LIWC
PHQ,liwc_focus_past,0.028402004418114683,0.04776229503178942,-0.06521037366316895,0.1220143824993983,0.5520752712722785,348,0.752829915371289,LIWC
PHQ,liwc_focus_present,-0.1034509799956903,0.04635433101546201,-0.19430379931344383,-0.012598160677936773,0.025631916097480435,348,0.23736911168834707,LIWC
PHQ,liwc_focus_future,0.08074619095391954,0.04351495864955444,-0.0045415607879568665,0.16603394269579594,0.06351113888597351,348,0.3337374447591499,LIWC
PHQ,liwc_relativity,-0.035921789322512505,0.04756574257080484,-0.12914893165919364,0.05730535301416862,0.4501272161982298,348,0.7271285800125251,LIWC
PHQ,liwc_motion,-0.00479498375675176,0.04722802964212223,-0.09736022091610143,0.0877702534025979,0.91913105658349,348,0.9622113062796834,LIWC
PHQ,liwc_space,-0.03886980756040601,0.04598776166439825,-0.12900416415223834,0.05126454903142632,0.39798763356538724,348,0.6740113149091236,LIWC
PHQ,liwc_time,-0.031331241472267186,0.04548475032280166,-0.12047971395075505,0.057817231006220667,0.49093051851508474,348,0.7430309819854461,LIWC
PHQ,liwc_personal_concerns,0.0865603164938163,0.046252704141463076,-0.00409331781103793,0.17721395079867053,0.061280658125059916,348,0.3337374447591499,LIWC
PHQ,liwc_work,0.04494291245224284,0.04492498814917587,-0.043108446326030614,0.1329942712305163,0.3171174620079199,348,0.6007549352373601,LIWC
PHQ,liwc_leisure,-0.05973485656784411,0.045094752633689866,-0.14811894762161898,0.028649234485930777,0.18528658340727822,348,0.4745144209210784,LIWC
PHQ,liwc_home,-0.003964891063296609,0.04497755484424751,-0.09211927867069677,0.08418949654410354,0.9297553432646443,348,0.9622113062796834,LIWC
PHQ,liwc_money,-0.03322472272398124,0.052477740655375346,-0.13607920439855029,0.06962975895058782,0.5266550890317145,348,0.7430309819854461,LIWC
PHQ,liwc_religion,0.06609151690584596,0.04315522395294071,-0.0184911677866781,0.15067420159837003,0.12564992134978845,348,0.4255884432815415,LIWC
PHQ,liwc_death,0.32818851690504475,0.04376090939050556,0.24241871056893322,0.4139583232411563,6.402178992277421e-14,348,6.722287941891291e-12,LIWC
PHQ,liwc_informal_language,-0.058295821005581026,0.04764483382527682,-0.1516779793525193,0.035086337341357264,0.22112215349251296,348,0.5101439494797853,LIWC
PHQ,liwc_swear_words,0.04392745145241977,0.04083815356540922,-0.036113858730898306,0.12396876163573783,0.28208500473560294,348,0.5807632450438884,LIWC
PHQ,liwc_netspeak,-0.05462999525689718,0.04098847216969985,-0.1349659244908312,0.025705933977036848,0.1825929646691432,348,0.4745144209210784,LIWC
PHQ,liwc_assent,-0.04899108535982581,0.04930511835512037,-0.14562734158934648,0.04764517086969487,0.32040263212659204,348,0.6007549352373601,LIWC
PHQ,liwc_nonfluencies,-0.059800146711604,0.04249456369982884,-0.1430879611020117,0.023487667678803677,0.1593555583543017,348,0.450595136315053,LIWC
PHQ,liwc_filler_words,0.007563309800772651,0.04345184246694427,-0.07760073649634618,0.09272735609789147,0.8618168237342374,348,0.9140481463847973,LIWC
PHQ,liwc_all_punctuation,-0.07457897369316337,0.04767290225383964,-0.16801614514918745,0.0188581977628607,0.1177261941036562,348,0.4255884432815415,LIWC
PHQ,liwc_periods,-0.03304252733780693,0.05197108371917714,-0.1349039796649101,0.06881892498929623,0.5249154131546017,348,0.7430309819854461,LIWC
PHQ,liwc_commas,-0.0677661481613541,0.046743487398127906,-0.15938169997348667,0.023849403650778478,0.1471295761682541,348,0.44134814503274583,LIWC
PHQ,liwc_colons,-0.06593042523517954,0.04292614155098209,-0.15006411667037278,0.018203266200013682,0.12456196855919766,348,0.4255884432815415,LIWC
PHQ,liwc_semicolons,0.028116057259033822,0.05065351176205983,-0.07116300148507945,0.1273951160031471,0.5788493136797875,348,0.7633266686190316,LIWC
PHQ,liwc_question_marks,-0.02091518323521834,0.043048902056763115,-0.1052894808404663,0.06345911437002963,0.627075593457684,348,0.788594920754216,LIWC
PHQ,liwc_exclamations,0.012390338930764954,0.040751312771480745,-0.06748076642406445,0.09226144428559435,0.761091625529869,348,0.8845958914654174,LIWC
PHQ,liwc_dashes,0.009581548388076589,0.04243996030217195,-0.07359924530949007,0.09276234208564325,0.8213825370246639,348,0.902699405648132,LIWC
PHQ,liwc_quotes,0.05784391187585308,0.04751836389287121,-0.03529036995844301,0.15097819371014917,0.22349163501019165,348,0.5101439494797853,LIWC
PHQ,liwc_apostrophes,-0.049397643506891915,0.04426700707721811,-0.1361593830816191,0.03736409606783527,0.26446406845929205,348,0.5553745437645133,LIWC
PHQ,liwc_other_punctuation,0.024034326156237552,0.04155232995555938,-0.057406744030383657,0.10547539634285877,0.5629866458445215,348,0.7578666386368559,LIWC
PHQ,liwc_low_empathy,-0.10857832415387136,0.049853120138247116,-0.2062886441417842,-0.010868004165958539,0.029408682385362515,348,0.23753166542023568,LIWC
PHQ,liwc_high_empathy,0.16948842703191452,0.04975255152118037,0.07197521791142752,0.2670016361524015,0.0006577074151386654,348,0.017264819647389965,LIWC
PHQ,liwc_allure,-0.02390068787573163,0.04438619363234217,-0.11089602880594336,0.0630946530544801,0.590251768441305,348,0.7651411813128027,LIWC
PHQ,liwc_absolutist,-0.002825936786425033,0.04625925092508066,-0.0934924025513843,0.08784052897853423,0.9512882364373586,348,0.9622113062796834,LIWC
PHQ,liwc_action,-0.002176212212330476,0.04593217055729395,-0.09220161223637767,0.08784918781171673,0.9622113062796834,348,0.9622113062796834,LIWC
PHQ,liwc_inaction,-0.07506078003514077,0.04404706524625114,-0.1613914415424789,0.011269881472197346,0.08836165964766915,348,0.3485365165643557,LIWC
PHQ,liwc_abstract,0.01425185154263482,0.04792090868760083,-0.0796714035914954,0.10817510667676504,0.766158383074493,348,0.8845958914654174,LIWC
PHQ,liwc_concrete,0.013637333787037943,0.04963328910350838,-0.08364212529010279,0.11091679286417869,0.7834992181550839,348,0.8845958914654174,LIWC
PHQ,liwc_agency_language,-0.028821392894974953,0.04677858409634855,-0.12050573297159627,0.06286294718164635,0.5378129012466086,348,0.7430309819854461,LIWC
PHQ,liwc_communion_language,0.03435494262273493,0.04475028753774028,-0.05335400924904764,0.1220638944945175,0.44266348576837555,348,0.7271285800125251,LIWC
PHQ,liwc_approach,0.08539470973915986,0.04532041143420806,-0.0034316644364252025,0.17422108391474492,0.059531989080689976,348,0.3337374447591499,LIWC
PHQ,liwc_avoidance,0.1756176914913059,0.047892826139250465,0.08174947714053651,0.2694859058420753,0.00024551902319921314,348,0.00859316581197246,LIWC
BAI,liwc_analytical_thinking,0.04620626322376968,0.04065853106957589,-0.03348299333690187,0.12589551978444125,0.25576956004468665,348,0.5933180744830553,LIWC
BAI,liwc_clout,0.12591431340272002,0.04441029387465213,0.03887173686556207,0.212956889939878,0.004578974828509532,348,0.08944842110548593,LIWC
BAI,liwc_authentic,-0.08504697918613902,0.042259081820144255,-0.1678732575733531,-0.0022207007989249183,0.04416581878614693,348,0.33764122688712445,LIWC
BAI,liwc_emotional_tone,-0.07645051051758778,0.04030934009012179,-0.15545536533480303,0.0025543442996274757,0.0578813531806499,348,0.33764122688712445,LIWC
BAI,liwc_six_plus_words,0.11966137190816903,0.039195424383184435,0.04283975175836448,0.1964829920579736,0.0022660945141869102,348,0.059484980997406386,LIWC
BAI,liwc_dictionary_words,-0.03813405387769739,0.03720220064515227,-0.1110490272878286,0.03478091953243383,0.30534038097355465,348,0.6422932795948566,LIWC
BAI,liwc_function_words,0.027478812492345756,0.042901775896893764,-0.0566071231383746,0.1115647481230661,0.5218441801734566,348,0.7505977934001773,LIWC
BAI,liwc_pronouns,-0.0025589272699261547,0.04114329765368024,-0.08319830887635073,0.07808045433649842,0.9504071595689263,348,0.9783603113209536,LIWC
BAI,liwc_personal_pronouns,-0.01680769821803082,0.04861483149573668,-0.1120910170641582,0.07847562062809654,0.729544205800673,348,0.8704788819212576,LIWC
BAI,liwc_i,-0.06531129567428073,0.04316602534860543,-0.14991515071329042,0.019292559364728942,0.1302731899958249,348,0.3751195682296606,LIWC
BAI,liwc_we,0.028618586315695586,0.03684307238535819,-0.04359250863940868,0.10082968127079985,0.43729459177131913,348,0.7063989559382847,LIWC
BAI,liwc_you,0.0013095236205675576,0.04086755559803436,-0.07878941348776805,0.08140846072890318,0.9744376709234082,348,0.9861379538425695,LIWC
BAI,liwc_she_he,0.07346535477290085,0.04397721567155848,-0.012728404083704223,0.1596591136295059,0.09481411444539671,348,0.3751195682296606,LIWC
BAI,liwc_they,0.10439050766808586,0.037283230528746346,0.031316718604438784,0.17746429673173292,0.00511133834888491,348,0.08944842110548593,LIWC
BAI,liwc_impersonal_pronouns,0.011343828505942843,0.04377537117165851,-0.07445432240038077,0.09714197941226646,0.7955293588642696,348,0.9079411160950903,LIWC
BAI,liwc_articles,0.022960900780134432,0.040969434397643785,-0.05733771510622383,0.1032595166664927,0.5751795047483393,348,0.81338092799806,LIWC
BAI,liwc_prepositions,0.05535800632346754,0.036769505894122916,-0.016708900958346616,0.1274249136052817,0.13218499070949946,348,0.3751195682296606,LIWC
BAI,liwc_auxiliary_verbs,-0.06722099210294114,0.037633868672811426,-0.14098201930056173,0.006540035094679458,0.07406956536580821,348,0.3751195682296606,LIWC
BAI,liwc_adverbs,-0.011767623980744928,0.043128007970030406,-0.09629696632696094,0.07276171836547107,0.7849659024854995,348,0.9057298874832685,LIWC
BAI,liwc_conjunctions,0.0637142251011705,0.04298891555383955,-0.020542501118788775,0.14797095132112978,0.13831150201637996,348,0.38217651872947095,LIWC
BAI,liwc_negations,-0.08313264842665355,0.041748217710974644,-0.16495765155890108,-0.0013076452944060374,0.046449435361329394,348,0.33764122688712445,LIWC
BAI,liwc_other_grammar,-0.06709468446919277,0.03867326216293841,-0.14289288547322765,0.00870351653484211,0.08275649473446199,348,0.3751195682296606,LIWC
BAI,liwc_verbs,-0.050736399332100786,0.04074092376975791,-0.1305871426177181,0.029114343953516524,0.21300592044417432,348,0.5325148011104358,LIWC
BAI,liwc_adjectives,-0.08788738244256429,0.03569240583221414,-0.15784321239529137,-0.017931552489837202,0.013802788026551476,348,0.20704182039827215,LIWC
BAI,liwc_comparisons,-0.017337726727093192,0.03812913770599367,-0.09206946339240896,0.05739400993822258,0.6493173852065964,348,0.8532172478324039,LIWC
BAI,liwc_interrogatives,0.062268753123252744,0.039299993113627626,-0.014757817972129543,0.13929532421863502,0.1130920512867668,348,0.3751195682296606,LIWC
BAI,liwc_numbers,0.018347975332992626,0.040443925441496005,-0.06092066192576276,0.097616612591748,0.6500702840627839,348,0.8532172478324039,LIWC
BAI,liwc_quantifiers,-0.06349709219060443,0.041697524892120294,-0.1452227392236226,0.018228554842413758,0.127808142094373,348,0.3751195682296606,LIWC
BAI,liwc_affective_processes,-0.014647364189694577,0.0385719917073474,-0.09024707874807311,0.06095235036868396,0.7041377306918433,348,0.8621951737326164,LIWC
BAI,liwc_positive_emotion_words,-0.06176847915190523,0.03965600700617215,-0.1394928246546707,0.015955866350860236,0.11932640811879763,348,0.3751195682296606,LIWC
BAI,liwc_negative_emotion_words,0.03751853810546567,0.03939227722998922,-0.03968890653433044,0.11472598274526177,0.34087700118853625,348,0.6422932795948566,LIWC
BAI,liwc_anxiety_words,0.01478871277907401,0.03922809683743056,-0.06209694420433948,0.0916743697624875,0.7061789042000477,348,0.8621951737326164,LIWC
BAI,liwc_anger_words,-0.020414613670718194,0.0411978873021456,-0.10116098902206358,0.0603317616806272,0.620229055817096,348,0.84576689429604,LIWC
BAI,liwc_sad_words,0.025008227920889047,0.03657469117954585,-0.046676849536695604,0.0966933053784737,0.4941281606831147,348,0.7505977934001773,LIWC
BAI,liwc_social_processes,0.14214386649822508,0.04601686120247561,0.05195247585979436,0.23233525713665582,0.0020086402028874698,348,0.059484980997406386,LIWC
BAI,liwc_family,0.14045787314255223,0.04459912043488002,0.05304520334802304,0.22787054293708142,0.0016363869394296663,348,0.059484980997406386,LIWC
BAI,liwc_friends,0.006384758262844135,0.04104979712659427,-0.07407136567795643,0.0868408822036447,0.8763980645122442,348,0.9332671503471717,LIWC
BAI,liwc_female,0.10149669695327203,0.045753909608136446,0.011820681969423458,0.1911727119371206,0.02653319391178319,348,0.27859853607372354,LIWC
BAI,liwc_male,0.07756784723305081,0.04387570402507463,-0.00842695245243455,0.16356264691853617,0.07707766059435052,348,0.3751195682296606,LIWC
BAI,liwc_cognitive_processes,-0.029636516060518984,0.04292189966709229,-0.1137618935560616,0.05448886143502364,0.4898952715592062,348,0.7505977934001773,LIWC
BAI,liwc_insight,-0.07954478945765582,0.04175245990721707,-0.16137810714175385,0.00228852822644221,0.05676029394055881,348,0.33764122688712445,LIWC
BAI,liwc_causation,0.03850213371115403,0.036929755555303305,-0.03387885713510842,0.11088312455741649,0.297143995811584,348,0.6422932795948566,LIWC
BAI,liwc_discrepancies,0.036418396176236094,0.038860159513445194,-0.039746116903598035,0.11258290925607023,0.34867349463720787,348,0.6422932795948566,LIWC
BAI,liwc_tentative,0.027841497569804856,0.038395167404288465,-0.04741164772298676,0.10309464286259648,0.4683721244348086,348,0.745137470691741,LIWC
BAI,liwc_certainty,0.06297338836645065,0.037276255381582656,-0.010086729659968721,0.13603350639287004,0.09114854220963534,348,0.3751195682296606,LIWC
BAI,liwc_differentiation,-0.007318356856776508,0.041695347321698474,-0.08903973593019412,0.07440302221664111,0.86067125493768,348,0.9316544512211999,LIWC
BAI,liwc_perceptual_processes,0.048176151093925035,0.03938007936083908,-0.029007386161648677,0.12535968834949873,0.22119243894680685,348,0.540121071846854,LIWC
BAI,liwc_see,0.036865341104784295,0.037467805663508075,-0.03657020857543739,0.11030089078500599,0.3251546161258826,348,0.6422932795948566,LIWC
BAI,liwc_hear,-0.037112768639012,0.03896438983841745,-0.11348156940188865,0.03925603212386465,0.340854038712579,348,0.6422932795948566,LIWC
BAI,liwc_feel,0.05768345997689608,0.0380433710943665,-0.0168801772185544,0.13224709717234656,0.1294548301723012,348,0.3751195682296606,LIWC
BAI,liwc_biological_processes,-0.003983331100497294,0.04031494201250289,-0.08299916548382368,0.07503250328282908,0.9212928374415038,348,0.957779682488692,LIWC
BAI,liwc_body,0.004677972666756354,0.03813911092731156,-0.07007331115315232,0.07942925648666502,0.9023798839029137,348,0.9474988780980594,LIWC
BAI,liwc_health,0.06741994793754705,0.041618494718318196,-0.014150802801127071,0.14899069867622117,0.10524266994491492,348,0.3751195682296606,LIWC
BAI,liwc_sexual,0.012871128549458759,0.03564881772646743,-0.05699927028585045,0.08274152738476798,0.7180594924770566,348,0.8666235254033441,LIWC
BAI,liwc_ingestion,-0.05446239784858647,0.0386388794220053,-0.13019320991870267,0.021268414221529745,0.15868051157545227,348,0.41653634288556224,LIWC
BAI,liwc_drives,0.03713287732592139,0.03825655443083553,-0.03784859153111248,0.11211434618295527,0.3317336303049031,348,0.6422932795948566,LIWC
BAI,liwc_affiliation,0.06128156637409897,0.03885294679008678,-0.014868810027722223,0.13743194277592016,0.11473353657773391,348,0.3751195682296606,LIWC
BAI,liwc_achievement,-0.04441099055499498,0.03942187575303572,-0.1216764472339578,0.03285446612396785,0.2599298231068623,348,0.5933180744830553,LIWC
BAI,liwc_power,0.02864829418196863,0.03568676501746618,-0.041296479977009,0.09859306834094625,0.4221072017148726,348,0.6991223805597397,LIWC
BAI,liwc_reward,0.011399020207342759,0.037218652976443854,-0.06154819917958169,0.08434623959426721,0.7593977828605303,348,0.8923507085668329,LIWC
BAI,liwc_risk,0.014633005696284953,0.03780094380259093,-0.05945548273841583,0.08872149413098573,0.6986770789530865,348,0.8621951737326164,LIWC
BAI,liwc_time_orientation,-0.06521622250178331,0.03981342935285711,-0.14324911013441308,0.01281666513084645,0.101412130781365,348,0.3751195682296606,LIWC
BAI,liwc_focus_past,0.0007302478646672278,0.04203017197704995,-0.08164737547437531,0.08310787120370977,0.9861379538425695,348,0.9861379538425695,LIWC
BAI,liwc_focus_present,-0.0681410053674053,0.040607980659541174,-0.1477311849450051,0.011449174210194465,0.09334318671494134,348,0.3751195682296606,LIWC
BAI,liwc_focus_future,0.03773955173780755,0.036950914578306425,-0.034682910031489086,0.11016201350710418,0.30709204017174374,348,0.6422932795948566,LIWC
BAI,liwc_relativity,-0.012393841225899541,0.0414386206856614,-0.09361204533881236,0.06882436288701328,0.7648720359144281,348,0.8923507085668329,LIWC
BAI,liwc_motion,-0.04064675160148327,0.04081868319648158,-0.12064990056293745,0.03935639735997092,0.3193532013282002,348,0.6422932795948566,LIWC
BAI,liwc_space,0.0008637141091026228,0.03928946975328927,-0.07614223157902016,0.07786965979722539,0.9824612382373893,348,0.9861379538425695,LIWC
BAI,liwc_time,-0.007262184964477974,0.03951510068739348,-0.08471035915724313,0.07018598922828719,0.8541840659628401,348,0.9316544512211999,LIWC
BAI,liwc_personal_concerns,0.03648594243793423,0.040517317531691834,-0.04292654067435508,0.11589842555022353,0.36785293871626257,348,0.6659406649173718,LIWC
BAI,liwc_work,0.025268199384070853,0.03860103738571094,-0.05038844365780676,0.10092484242594846,0.512725986250516,348,0.7505977934001773,LIWC
BAI,liwc_leisure,-0.0884112829216449,0.038940709622234525,-0.1647336713136569,-0.012088894529632896,0.023182864032693894,348,0.2704667470480954,LIWC
BAI,liwc_home,0.03087041302488397,0.03879028442427565,-0.04515714739676133,0.10689797344652927,0.4261317367221271,348,0.6991223805597397,LIWC
BAI,liwc_money,0.01802762686805768,0.0465253617187368,-0.073160406468365,0.10921566020448037,0.6984012112792071,348,0.8621951737326164,LIWC
BAI,liwc_religion,0.05735831135494815,0.03708949082807176,-0.015335754873001164,0.13005237758289745,0.12198767430059002,348,0.3751195682296606,LIWC
BAI,liwc_death,0.13122461774870478,0.04119299673024435,0.050487827742149646,0.2119614077552599,0.0014445165755997036,348,0.059484980997406386,LIWC
BAI,liwc_informal_language,-0.05980442806803969,0.04170924757014604,-0.1415530511277907,0.02194419499171131,0.15161764987933887,348,0.4082013650597585,LIWC
BAI,liwc_swear_words,0.01660542045165331,0.034415848410845426,-0.05084840293099378,0.0840592438343004,0.6294554705750618,348,0.8473439026971985,LIWC
BAI,liwc_netspeak,-0.019109038450025057,0.03462130408322866,-0.08696554755096274,0.04874747065091263,0.5809863771414715,348,0.81338092799806,LIWC
BAI,liwc_assent,-0.06680776985871933,0.04345020119372671,-0.15196859931944295,0.018353059602004285,0.12415353953557455,348,0.3751195682296606,LIWC
BAI,liwc_nonfluencies,-0.018192616715380854,0.0360884329970389,-0.08892464564806399,0.052539412217302274,0.6141825855841392,348,0.84576689429604,LIWC
BAI,liwc_filler_words,0.007416108562907041,0.03723564525780829,-0.06556441508350687,0.08039663220932096,0.842132179587824,348,0.9315364869137233,LIWC
BAI,liwc_all_punctuation,-0.10001270497835704,0.0416523681432692,-0.18164984640996815,-0.018375563546745938,0.01634457784179991,348,0.2145225841736238,LIWC
BAI,liwc_periods,-0.08949644086990273,0.046830704379641236,-0.18128293482464172,0.0022900530848362632,0.055996445587538114,348,0.33764122688712445,LIWC
BAI,liwc_commas,-0.07900840377553912,0.04055977186468051,-0.1585040958514739,0.00048728830039566906,0.05142095748390198,348,0.33764122688712445,LIWC
BAI,liwc_colons,-0.034667711298470516,0.03677065873535147,-0.10673687810757253,0.037401455510631496,0.34577856141600516,348,0.6422932795948566,LIWC
BAI,liwc_semicolons,-0.010910430081493899,0.05502278903261504,-0.11875311491436485,0.09693225475137707,0.8428187262552734,348,0.9315364869137233,LIWC
BAI,liwc_question_marks,-0.008455043289826469,0.03687181584501129,-0.0807224743906419,0.06381238781098897,0.8186286730571214,348,0.9242581792580403,LIWC
BAI,liwc_exclamations,0.027968114620037694,0.03411505724015299,-0.038896168901184594,0.09483239814125997,0.41232025883414225,348,0.698284309315886,LIWC
BAI,liwc_dashes,0.014559738517995077,0.03628215909837327,-0.056551986596168766,0.08567146363215893,0.6882051867576136,348,0.8621951737326164,LIWC
BAI,liwc_quotes,0.02688955010331406,0.041601469022620005,-0.054647830884979876,0.108426931091608,0.5180458562537491,348,0.7505977934001773,LIWC
BAI,liwc_apostrophes,-0.03210891392107092,0.03803730323322527,-0.1066606583272214,0.04244283048507956,0.3985896389107584,348,0.6860969194365513,LIWC
BAI,liwc_other_punctuation,-0.030010596557401355,0.03498624276561099,-0.09858237233237391,0.038561179217571205,0.3910124204610965,348,0.6842717358069189,LIWC
BAI,liwc_low_empathy,-0.07988908263889882,0.04471824470415601,-0.1675352317108936,0.007757066433095955,0.07401855979707059,348,0.3751195682296606,LIWC
BAI,liwc_high_empathy,0.08867569754241716,0.045209358254109565,6.6983600193804e-05,0.17728441148464053,0.04982706319486335,348,0.33764122688712445,LIWC
BAI,liwc_allure,-0.01686033571929056,0.03831702636668704,-0.0919603273926688,0.05823965595408767,0.6599211518517065,348,0.8554533449929529,LIWC
BAI,liwc_absolutist,-0.03579049886340476,0.04040355181963631,-0.11498000527738969,0.043399007550580175,0.37571153486919784,348,0.6686391722248436,LIWC
BAI,liwc_action,-0.04736983520860735,0.039222332316922494,-0.12424419393943689,0.029504523522222187,0.22715262769119993,348,0.5420687706267271,LIWC
BAI,liwc_inaction,-0.05952349962412836,0.03784357791806241,-0.13369554938966596,0.014648550141409235,0.1157460390914882,348,0.3751195682296606,LIWC
BAI,liwc_abstract,0.040971541960351555,0.04234096030797274,-0.04201521531411497,0.12395829923481808,0.3332155190690469,348,0.6422932795948566,LIWC
BAI,liwc_concrete,-0.029749403801101696,0.04420714656671654,-0.11639381893114961,0.05689501132894623,0.5009761576689042,348,0.7505977934001773,LIWC
BAI,liwc_agency_language,-0.052085910861222925,0.04077841562678005,-0.13201013683631715,0.027838315113871304,0.20149946419336073,348,0.516035213178119,LIWC
BAI,liwc_communion_language,0.026674802093812993,0.0390728663640623,-0.0499066087524956,0.10325621294012159,0.4948003728847259,348,0.7505977934001773,LIWC
BAI,liwc_approach,0.005947977919645585,0.03937798116544967,-0.07123144694853234,0.08312740278782352,0.8799375988987619,348,0.9332671503471717,LIWC
BAI,liwc_avoidance,0.0911024846646371,0.04260330050759892,0.007601550047206224,0.174603419282068,0.03248507887391275,348,0.31008484379643986,LIWC
BHOL,liwc_analytical_thinking,0.0757837610399877,0.05612929574365107,-0.03422763709516574,0.18579515917514114,0.17696334536286806,348,0.9732601202399414,LIWC
BHOL,liwc_clout,0.07072300532002823,0.05860823853944182,-0.04414703141461011,0.1855930420546666,0.2275447813576279,348,0.9732601202399414,LIWC
BHOL,liwc_authentic,-0.0706131608428799,0.05685891108311263,-0.182054578765946,0.040828257080186184,0.21427294631734561,348,0.9732601202399414,LIWC
BHOL,liwc_emotional_tone,0.001933660331246153,0.056011516060714465,-0.107846893867241,0.11171421452973332,0.9724604612273957,348,0.9818110425853515,LIWC
BHOL,liwc_six_plus_words,0.020266869671282762,0.05517192715325733,-0.08786812050676908,0.1284018598493346,0.7133652321695675,348,0.9732601202399414,LIWC
BHOL,liwc_dictionary_words,-0.013297346307850013,0.053079943647436546,-0.11733212415824128,0.09073743154254126,0.802188753233527,348,0.9732601202399414,LIWC
BHOL,liwc_function_words,0.013410099716930335,0.056814717849311094,-0.09794470105952437,0.12476490049338503,0.8134077267249493,348,0.9732601202399414,LIWC
BHOL,liwc_pronouns,0.05709509883958874,0.05613987409985723,-0.052937032492744424,0.1671272301719219,0.30914625321765676,348,0.9732601202399414,LIWC
BHOL,liwc_personal_pronouns,0.006961960870514596,0.06196583695757827,-0.11448884783821985,0.12841276957924905,0.9105446306008784,348,0.9732601202399414,LIWC
BHOL,liwc_i,-0.02451892904532105,0.058626417030406656,-0.13942459496754378,0.09038673687690167,0.6757839185464924,348,0.9732601202399414,LIWC
BHOL,liwc_we,-0.05673405695196027,0.05281750860594742,-0.16025447157275158,0.04678635766883104,0.2827543542165033,348,0.9732601202399414,LIWC
BHOL,liwc_you,0.0898874063633014,0.05526103141797724,-0.01842222496447038,0.1981970376910732,0.10382279981200856,348,0.9732601202399414,LIWC
BHOL,liwc_she_he,-0.035310595101037776,0.056807816899872424,-0.14665187026513354,0.076030680063058,0.5342181648586826,348,0.9732601202399414,LIWC
BHOL,liwc_they,0.03245587737650795,0.05391706796564995,-0.07321963398816422,0.13813138874118014,0.5472012680736889,348,0.9732601202399414,LIWC
BHOL,liwc_impersonal_pronouns,0.06362777670682813,0.057704695709733016,-0.04947134862309155,0.17672690203674782,0.27018149180754325,348,0.9732601202399414,LIWC
BHOL,liwc_articles,0.03419311703929878,0.05629795891059242,-0.07614885482857818,0.14453508890717576,0.543612160938514,348,0.9732601202399414,LIWC
BHOL,liwc_prepositions,0.05775116742747099,0.05323829534578536,-0.04659397404857469,0.16209630890351667,0.278024685867314,348,0.9732601202399414,LIWC
BHOL,liwc_auxiliary_verbs,-0.04919573993608347,0.05359483025916605,-0.15423967700158642,0.055848197129419484,0.35866101051448984,348,0.9732601202399414,LIWC
BHOL,liwc_adverbs,-0.07352802228098068,0.05656494768045253,-0.1843932825220601,0.037337237960098746,0.19363980957800708,348,0.9732601202399414,LIWC
BHOL,liwc_conjunctions,-0.0938332308694253,0.056755032590156435,-0.20507105068752893,0.01740458894867833,0.09826933739417691,348,0.9732601202399414,LIWC
BHOL,liwc_negations,0.005051498194291191,0.05592064945818997,-0.10455096073585043,0.11465395712443283,0.9280223389809305,348,0.9732601202399414,LIWC
BHOL,liwc_other_grammar,-0.046025805710969245,0.05446159820418287,-0.15276857673165894,0.06071696530972047,0.3980518400914299,348,0.9732601202399414,LIWC
BHOL,liwc_verbs,0.013445752149945664,0.05635498688132138,-0.09700799248667147,0.12389949678656278,0.81142330223263,348,0.9732601202399414,LIWC
BHOL,liwc_adjectives,-0.0503970149768693,0.05154905185250633,-0.15143130004496946,0.050637270091230854,0.32824664859274544,348,0.9732601202399414,LIWC
BHOL,liwc_comparisons,-0.011176431351728935,0.05303147450342912,-0.11511621142550416,0.09276334872204628,0.8330816485729277,348,0.9732601202399414,LIWC
BHOL,liwc_interrogatives,0.0050988593281343945,0.05549285706887214,-0.10366514192608395,0.11386286058235273,0.9267908674612173,348,0.9732601202399414,LIWC
BHOL,liwc_numbers,-0.03344803256850409,0.05457260859452635,-0.14040837995617675,0.07351231481916859,0.5399366379131829,348,0.9732601202399414,LIWC
BHOL,liwc_quantifiers,-0.00902982031866016,0.056964501055193247,-0.12067819078413283,0.10261855014681251,0.8740497232735539,348,0.9732601202399414,LIWC
BHOL,liwc_affective_processes,-0.04663852069360614,0.05389001683037265,-0.1522610128073939,0.058983971420181615,0.38679789917073326,348,0.9732601202399414,LIWC
BHOL,liwc_positive_emotion_words,-0.0404451949907448,0.055286114319634844,-0.14880398790239324,0.06791359792090365,0.4644362293135953,348,0.9732601202399414,LIWC
BHOL,liwc_negative_emotion_words,-0.013278642340342922,0.05443475447187292,-0.1199688006124945,0.09341151593180864,0.8072797316963909,348,0.9732601202399414,LIWC
BHOL,liwc_anxiety_words,-0.025707866527707273,0.054640168427263255,-0.1328006287543458,0.08138489569893127,0.6380021836732703,348,0.9732601202399414,LIWC
BHOL,liwc_anger_words,0.005535555466198776,0.0538867250452185,-0.100080484867242,0.11115159579963954,0.9181806182278653,348,0.9732601202399414,LIWC
BHOL,liwc_sad_words,-0.023639100477816737,0.052381990840791155,-0.12630591596427437,0.0790277150086409,0.6517856162135445,348,0.9732601202399414,LIWC
BHOL,liwc_social_processes,0.053199777926299346,0.05926276903926636,-0.0629531150147781,0.1693526708673768,0.36934919739852967,348,0.9732601202399414,LIWC
BHOL,liwc_family,0.07010652546747925,0.05847245431150796,-0.04449737907074015,0.18471043000569864,0.23054089497034902,348,0.9732601202399414,LIWC
BHOL,liwc_friends,-0.00398919047987128,0.0546301897207895,-0.11106239480120898,0.10308401384146641,0.941788832676812,348,0.9732601202399414,LIWC
BHOL,liwc_female,0.025165418651657907,0.05903427058102492,-0.0905396255407434,0.1408704628440592,0.6699002530713235,348,0.9732601202399414,LIWC
BHOL,liwc_male,-0.020436543756011165,0.05649803304405809,-0.1311706537197189,0.09029756620769655,0.717560284537091,348,0.9732601202399414,LIWC
BHOL,liwc_cognitive_processes,-0.017902485662209568,0.05786698035295968,-0.13131968304809744,0.09551471172367831,0.7570377493455223,348,0.9732601202399414,LIWC
BHOL,liwc_insight,-0.012375248434497091,0.05802485201990711,-0.12610186860178124,0.10135137173278705,0.8311124973466886,348,0.9732601202399414,LIWC
BHOL,liwc_causation,0.01792944415015634,0.05278299870210469,-0.08552333230199327,0.12138222060230594,0.7340958817375894,348,0.9732601202399414,LIWC
BHOL,liwc_discrepancies,0.04965487356780587,0.05391228562872574,-0.056011264588732936,0.15532101172434468,0.35703436613955875,348,0.9732601202399414,LIWC
BHOL,liwc_tentative,-0.00801827061221812,0.05385073259427379,-0.11356376703809193,0.0975272258136557,0.8816340574023143,348,0.9732601202399414,LIWC
BHOL,liwc_certainty,0.06054201991890158,0.052786324986779376,-0.04291727593141274,0.1640013157692159,0.2514121171322675,348,0.9732601202399414,LIWC
BHOL,liwc_differentiation,-0.0749436989034652,0.05660381254262953,-0.18588513287467565,0.03599773506774526,0.18550157144886625,348,0.9732601202399414,LIWC
BHOL,liwc_perceptual_processes,0.1253110868871035,0.05404170399371677,0.019391293396244208,0.23123088037796277,0.020406702655549724,348,0.7142345929442404,LIWC
BHOL,liwc_see,0.16595638947438252,0.05218962972358379,0.06366659484967718,0.26824618409908785,0.0014733965891286344,348,0.1547066418585066,LIWC
BHOL,liwc_hear,0.0748222853098298,0.05401356161757626,-0.031042350137354693,0.1806869207570143,0.16597604191573712,348,0.9732601202399414,LIWC
BHOL,liwc_feel,0.013217141536870385,0.05375201790221297,-0.09213487764781926,0.11856916072156003,0.8057665518542622,348,0.9732601202399414,LIWC
BHOL,liwc_biological_processes,-0.03600245487086463,0.05513932678773164,-0.14407354950660328,0.07206863976487402,0.5137974994199646,348,0.9732601202399414,LIWC
BHOL,liwc_body,0.06319769000813608,0.053567780547969075,-0.041793230597628586,0.16818861061390072,0.23809148489099774,348,0.9732601202399414,LIWC
BHOL,liwc_health,-0.08141655102141117,0.056685514397377956,-0.19251811768539867,0.029685015642576335,0.15092127572271705,348,0.9732601202399414,LIWC
BHOL,liwc_sexual,0.055218876526600076,0.051592723660184886,-0.04590100371168982,0.15633875676488998,0.2844914079487284,348,0.9732601202399414,LIWC
BHOL,liwc_ingestion,-0.05712658729543238,0.05444097819132501,-0.16382894383355995,0.049575769242695175,0.29402596189440877,348,0.9732601202399414,LIWC
BHOL,liwc_drives,-0.03607657343246916,0.053775346574065304,-0.14147431597379653,0.06932116910885822,0.5022997159112101,348,0.9732601202399414,LIWC
BHOL,liwc_affiliation,-0.021401582343302215,0.05381115362095924,-0.12686950540693445,0.08406634072033001,0.6908391917006717,348,0.9732601202399414,LIWC
BHOL,liwc_achievement,0.027616583493252515,0.05476363179515924,-0.07971816248787217,0.1349513294743772,0.6140597639783496,348,0.9732601202399414,LIWC
BHOL,liwc_power,-0.037578176452695594,0.051712562022816815,-0.13893293556571032,0.06377658266031913,0.4674256588972654,348,0.9732601202399414,LIWC
BHOL,liwc_reward,-0.051463221140157375,0.05253763221877503,-0.1544350881219676,0.05150864584165285,0.3273084512681911,348,0.9732601202399414,LIWC
BHOL,liwc_risk,0.00809861061905545,0.053049563353569175,-0.09587662294951602,0.11207384418762692,0.8786654507573093,348,0.9732601202399414,LIWC
BHOL,liwc_time_orientation,-0.028231133255683334,0.0555233747822043,-0.13705494812892324,0.08059268161755656,0.6111343437307343,348,0.9732601202399414,LIWC
BHOL,liwc_focus_past,0.013951917847095359,0.05635693439913059,-0.09650564385428706,0.12440947954847778,0.8044721830727427,348,0.9732601202399414,LIWC
BHOL,liwc_focus_present,-0.014849481677949068,0.05544996592022741,-0.1235294178255682,0.09383045446967006,0.7888535372045766,348,0.9732601202399414,LIWC
BHOL,liwc_focus_future,-0.058378275023690245,0.05239081807750796,-0.16106239157619584,0.044305841528815344,0.26515716669229517,348,0.9732601202399414,LIWC
BHOL,liwc_relativity,-0.005055799375622062,0.0565687089459232,-0.1159284315615603,0.10581683281031617,0.9287842982707445,348,0.9732601202399414,LIWC
BHOL,liwc_motion,0.018714041053945855,0.0566645027920677,-0.09234634362037616,0.1297744257282679,0.7412032160351659,348,0.9732601202399414,LIWC
BHOL,liwc_space,0.033502210358012256,0.05467022317109867,-0.07364945808410828,0.14065387880013278,0.5400049910996888,348,0.9732601202399414,LIWC
BHOL,liwc_time,-0.022527338533104558,0.05485005964546886,-0.13003147998809733,0.08497680292188821,0.681286924370401,348,0.9732601202399414,LIWC
BHOL,liwc_personal_concerns,-0.010488285951474547,0.05529663692653429,-0.11886770279366939,0.09789113089072028,0.8495652812988578,348,0.9732601202399414,LIWC
BHOL,liwc_work,-0.02569708887646906,0.05406208326425071,-0.13165682500360606,0.08026264725066794,0.6345549583762224,348,0.9732601202399414,LIWC
BHOL,liwc_leisure,-0.057771841716193685,0.05385959399473505,-0.16333470616782417,0.04779102273543679,0.28343361368950304,348,0.9732601202399414,LIWC
BHOL,liwc_home,0.07249957130677212,0.054236305311574445,-0.03380163375843223,0.17880077637197647,0.18130913055463638,348,0.9732601202399414,LIWC
BHOL,liwc_money,-0.04831456089929837,0.06127878129378791,-0.16841876525162944,0.07178964345303271,0.4304401583248282,348,0.9732601202399414,LIWC
BHOL,liwc_religion,-0.06874361018017881,0.052526154416243975,-0.1716929810824065,0.03420576072204888,0.1906190127459888,348,0.9732601202399414,LIWC
BHOL,liwc_death,0.1518175534992999,0.05575692117526084,0.042535996106949955,0.26109911089164983,0.006472206657799693,348,0.33979084953448385,LIWC
BHOL,liwc_informal_language,-0.01427789613754722,0.05655055303929068,-0.12511494340037904,0.0965591511252846,0.8006699002406693,348,0.9732601202399414,LIWC
BHOL,liwc_swear_words,-0.05516754790736729,0.05068320965221574,-0.154504813446603,0.0441697176318684,0.27638423731927164,348,0.9732601202399414,LIWC
BHOL,liwc_netspeak,0.019496384685390663,0.05088513365689034,-0.08023664463062133,0.11922941400140266,0.7016122533633882,348,0.9732601202399414,LIWC
BHOL,liwc_assent,0.011101064962929993,0.057841731059735634,-0.10226664471760366,0.12446877464346365,0.8478037883553129,348,0.9732601202399414,LIWC
BHOL,liwc_nonfluencies,-0.044667256297626676,0.051866922460580826,-0.1463245563092967,0.05699004371404334,0.38913360484952364,348,0.9732601202399414,LIWC
BHOL,liwc_filler_words,-0.021084198450206423,0.053048074260157806,-0.125056513449322,0.08288811654890915,0.6910322964517611,348,0.9732601202399414,LIWC
BHOL,liwc_all_punctuation,-0.07580614213949054,0.05667237184906049,-0.1868819498821107,0.03526966560312965,0.18102008758043242,348,0.9732601202399414,LIWC
BHOL,liwc_periods,0.022768417755063507,0.06013263209836833,-0.09508937545333564,0.14062621096346264,0.704957709954769,348,0.9732601202399414,LIWC
BHOL,liwc_commas,-0.07624592116382985,0.05603580791944903,-0.1860740865305543,0.03358224420289459,0.17361981376273727,348,0.9732601202399414,LIWC
BHOL,liwc_colons,-0.02843419714371031,0.05244739260798983,-0.13122919773840264,0.074360803450982,0.5877172353921287,348,0.9732601202399414,LIWC
BHOL,liwc_semicolons,0.011072048233990009,0.05522485233877996,-0.09716667340156128,0.1193107698695413,0.8410971290120097,348,0.9732601202399414,LIWC
BHOL,liwc_question_marks,-0.03372799890555999,0.05272379744932613,-0.13706474303442395,0.06960874522330399,0.5223604322595876,348,0.9732601202399414,LIWC
BHOL,liwc_exclamations,0.03316474671565661,0.050590032028763283,-0.06598989403744723,0.13231938746876046,0.5121079650216134,348,0.9732601202399414,LIWC
BHOL,liwc_dashes,0.01718276347479911,0.0518204138514019,-0.08438338133790918,0.1187489082875074,0.7402042281589585,348,0.9732601202399414,LIWC
BHOL,liwc_quotes,-0.09091731671410778,0.05612601518418778,-0.20092228507086404,0.019087651642648473,0.10525841197317898,348,0.9732601202399414,LIWC
BHOL,liwc_apostrophes,-0.053122906977610594,0.053691675825952405,-0.15835665786607717,0.052110843910855985,0.3224641688011951,348,0.9732601202399414,LIWC
BHOL,liwc_other_punctuation,0.0009629240075912151,0.051434463660430696,-0.09984677233098715,0.10177262034616957,0.9850633745119737,348,0.9850633745119737,LIWC
BHOL,liwc_low_empathy,0.0036551853806245627,0.058662351236908036,-0.11132091029215388,0.11863128105340301,0.9503168573159103,348,0.9732601202399414,LIWC
BHOL,liwc_high_empathy,-0.007896079987372705,0.05869964517176825,-0.12294527042931894,0.10715311045457354,0.8929940410616367,348,0.9732601202399414,LIWC
BHOL,liwc_allure,0.0398749782059077,0.05369134678516158,-0.06535812777445942,0.1451080841862748,0.4576812071754055,348,0.9732601202399414,LIWC
BHOL,liwc_absolutist,0.03024567594465267,0.05500396739340342,-0.0775601191532335,0.13805147104253884,0.5824005061619917,348,0.9732601202399414,LIWC
BHOL,liwc_action,0.035467071370136244,0.05499409489052328,-0.07231937397766759,0.14325351671794007,0.5189757341806955,348,0.9732601202399414,LIWC
BHOL,liwc_inaction,-0.047453947142938525,0.053540244258014416,-0.1523908976121242,0.057483003326247166,0.37544352642433,348,0.9732601202399414,LIWC
BHOL,liwc_abstract,-0.0728550066259889,0.05623547553180338,-0.18307451332180696,0.037364500069829165,0.1951358591990432,348,0.9732601202399414,LIWC
BHOL,liwc_concrete,0.020016380968523307,0.05787124829881307,-0.09340918143752519,0.1334419433745718,0.7294345411714903,348,0.9732601202399414,LIWC
BHOL,liwc_agency_language,-0.022077287919457473,0.05558733874818775,-0.13102646986233327,0.08687189402341833,0.6912465524772394,348,0.9732601202399414,LIWC
BHOL,liwc_communion_language,0.009429747102341516,0.0537110463481611,-0.09584196931201584,0.11470146351669887,0.8606361802067617,348,0.9732601202399414,LIWC
BHOL,liwc_approach,0.04275106015716068,0.05496587882945681,-0.0649800827271673,0.15048220304148865,0.4367019501682624,348,0.9732601202399414,LIWC
BHOL,liwc_avoidance,0.0032448889375292426,0.05715020069762414,-0.10876744613904994,0.11525722401410841,0.954721832235371,348,0.9732601202399414,LIWC
