outcome,feature,coef,SE,CI_lo,CI_hi,p,n,q_fdr,group
HAMD,F0final_sma_amean,0.04035819741720431,0.08675085146273037,-0.1296703470779311,0.21038674191233972,0.6417741958399179,348,0.9189087695987348,F0
HAMD,F0final_sma_flatness,-0.02423857061312956,0.06282933795372168,-0.14738181017491955,0.09890466894866043,0.699656441972508,348,0.9189087695987348,F0
HAMD,F0final_sma_posamean,0.04035819741720431,0.08675085146273037,-0.1296703470779311,0.21038674191233972,0.6417741958399179,348,0.9189087695987348,F0
HAMD,F0final_sma_rqmean,0.041779205824384574,0.08518122220943218,-0.12517292186520587,0.20873133351397502,0.6237982658502961,348,0.9189087695987348,F0
HAMD,F0final_sma_range,0.0037278989356187967,0.04637225308185211,-0.08716004698678786,0.09461584485802546,0.9359265052864779,348,0.9474811534998913,F0
HAMD,F0final_sma_maxPos,-0.024868018409975035,0.04122013603677764,-0.10565800047990082,0.05592196365995075,0.5463105797294093,348,0.9142340313839096,F0
HAMD,F0final_sma_minPos,-0.03877992228748549,0.041103744309158106,-0.11934178076317858,0.04178193618820761,0.34544338113457596,348,0.8097236308531717,F0
HAMD,F0final_sma_linregc1,-0.013018276528565647,0.039780667063566075,-0.0909869512541339,0.06495039819700262,0.7434777943402378,348,0.9189087695987348,F0
HAMD,F0final_sma_linregc2,0.07849269580958439,0.06954813141118864,-0.057819136948404196,0.21480452856757298,0.2590625164621264,348,0.7081042116631455,F0
HAMD,F0final_sma_linregerrQ,0.010976821525939475,0.05076710574920501,-0.08852487734183867,0.11047852039371761,0.828816910575213,348,0.9189087695987348,F0
HAMD,F0final_sma_qregc1,0.07865315743584067,0.04090915055674174,-0.0015273042934998426,0.15883361916518118,0.054526541905248166,348,0.30238828923171845,F0
HAMD,F0final_sma_qregc2,-0.060218181712375855,0.040943455663785135,-0.1404658802160072,0.020029516791255496,0.1413548120271476,348,0.5480027657251235,F0
HAMD,F0final_sma_qregc3,0.09697338296385732,0.06851622422907296,-0.03731594888179629,0.23126271480951094,0.1569704142378545,348,0.5596336507610464,F0
HAMD,F0final_sma_qregerrQ,0.012862126784342532,0.05081239037143536,-0.08672832831206059,0.11245258188074567,0.800167963638384,348,0.9189087695987348,F0
HAMD,F0final_sma_centroid,-0.026816965192454457,0.03980338924554865,-0.10483017457635872,0.051196244191449816,0.500479346813203,348,0.9142340313839096,F0
HAMD,F0final_sma_quartile1,0.05695466189384183,0.08325919748324716,-0.10623036655503051,0.22013969034271416,0.4939344329418621,348,0.9142340313839096,F0
HAMD,F0final_sma_quartile2,0.10232118668365141,0.08982944104437426,-0.07374128251468624,0.27838365588198904,0.2546778344842766,348,0.7081042116631455,F0
HAMD,F0final_sma_quartile3,0.026169856374425735,0.08787856539898913,-0.14606896682064072,0.19840867956949218,0.7658591185662401,348,0.9189087695987348,F0
HAMD,F0final_sma_iqr1-2,0.021571624900536098,0.05465376102975794,-0.0855477783374482,0.1286910281385204,0.693067200624188,348,0.9189087695987348,F0
HAMD,F0final_sma_iqr2-3,-0.06851778902794134,0.060523994180749,-0.18714263782272117,0.050107059766838505,0.2576022909092065,348,0.7081042116631455,F0
HAMD,F0final_sma_iqr1-3,-0.011952047036571581,0.05429941268481917,-0.11837694028049453,0.09447284620735136,0.8257825709359826,348,0.9189087695987348,F0
HAMD,F0final_sma_percentile1.0,0.03212368220394355,0.05217708450362571,-0.0701415242414658,0.13438888864935292,0.5381146615687329,348,0.9142340313839096,F0
HAMD,F0final_sma_percentile99.0,-0.0673112203902064,0.05711386987831126,-0.1792523483694035,0.044629907588990714,0.23857972004167516,348,0.7081042116631455,F0
HAMD,F0final_sma_pctlrange0-1,-0.06744625583219262,0.05742694466548104,-0.18000099911871004,0.0451084874543248,0.24020659746274287,348,0.7081042116631455,F0
HAMD,F0final_sma_stddev,-0.001203734985615643,0.05715783438059515,-0.11323103180588741,0.11082356183465612,0.9831979188837864,348,0.9831979188837864,F0
HAMD,F0final_sma_skewness,-0.12068610682903112,0.06619628901513674,-0.25042844920890356,0.009056235550841299,0.06827989205597519,348,0.3110528415883314,F0
HAMD,F0final_sma_kurtosis,-0.09343053123890539,0.05532713830547234,-0.2018697296852976,0.015008667207486823,0.09127834685505139,348,0.3742412221057107,F0
HAMD,F0final_sma_upleveltime25,0.06810208070357623,0.0722084828569548,-0.07342394507433309,0.20962810648148555,0.34561374487635377,348,0.8097236308531717,F0
HAMD,F0final_sma_upleveltime50,0.007152253224390441,0.049576728474190125,-0.09001634905634359,0.10432085550512446,0.8852901560768298,348,0.9189087695987348,F0
HAMD,F0final_sma_upleveltime75,0.00919151676009121,0.04732987158235153,-0.08357332693422356,0.10195636045440598,0.8460183614430097,348,0.9189087695987348,F0
HAMD,F0final_sma_upleveltime90,0.005068922390834352,0.046193348793012935,-0.08546837756876778,0.09560622235043649,0.912621340304842,348,0.9354368738124631,F0
HAMD,F0final_sma_risetime,-0.018523696129391348,0.058220740268692436,-0.13263425020928934,0.09558685795050666,0.7503611573392448,348,0.9189087695987348,F0
HAMD,F0final_sma_leftctime,-0.022533860471160853,0.06472144990765846,-0.14938557131738464,0.10431785037506294,0.7277149153042093,348,0.9189087695987348,F0
HAMD,F0final_sma_lpgain,0.009708210204733744,0.057115135899427794,-0.10223539913025545,0.12165181953972293,0.865028902903511,348,0.9189087695987348,F0
HAMD,F0final_sma_lpc0,0.03725984814362467,0.05396875028364715,-0.06851695870295957,0.1430366549902089,0.48994473924866333,348,0.9142340313839096,F0
HAMD,F0final_sma_lpc1,-0.008252051884366217,0.053373785683193724,-0.11286274954198548,0.09635864577325305,0.877129806941923,348,0.9189087695987348,F0
HAMD,F0final_sma_lpc2,-0.08412787388317053,0.044555148628347634,-0.17145436052056107,0.0031986127542200232,0.05900259302082311,348,0.30238828923171845,F0
HAMD,F0final_sma_lpc3,0.026998803079709404,0.04075394324428431,-0.05287745790707728,0.10687506406649609,0.5076615926554702,348,0.9142340313839096,F0
HAMD,F0final_sma_lpc4,0.00893914954403615,0.0440577953652773,-0.07741254261014308,0.09529084169821536,0.8392163368417339,348,0.9189087695987348,F0
HAMD,F0final_sma_de_amean,0.006835954021837131,0.042229425955259935,-0.07593219993827331,0.08960410798194758,0.8714030651616018,348,0.9189087695987348,F0
HAMD,F0final_sma_de_flatness,-0.07285577161377418,0.041601374469502336,-0.15439296728136287,0.008681424053814488,0.07989720876833202,348,0.3448195325791171,F0
HAMD,F0final_sma_de_posamean,-0.08993918856721417,0.047265421920856705,-0.18257771324618327,0.002699336111754949,0.05705962245064537,348,0.30238828923171845,F0
HAMD,F0final_sma_de_rqmean,0.010624973252722212,0.04245493083641432,-0.0725851621527888,0.09383510865823323,0.8023826037032532,348,0.9189087695987348,F0
HAMD,F0final_sma_de_range,0.059984700002043284,0.04136534280108013,-0.021089882096226975,0.14105928210031354,0.14702513226771607,348,0.5480027657251235,F0
HAMD,F0final_sma_de_maxPos,-0.05071916058305813,0.04202637301583126,-0.13308933809493337,0.03165101692881711,0.2274932863155642,348,0.7081042116631455,F0
HAMD,F0final_sma_de_minPos,-0.04115459887697084,0.04334206988788934,-0.12610349487265193,0.04379429711871025,0.3423510832523978,348,0.8097236308531717,F0
HAMD,F0final_sma_de_linregc1,-0.04106467346004012,0.04296757873434746,-0.12527958028225025,0.04315023336217002,0.3392172541534073,348,0.8097236308531717,F0
HAMD,F0final_sma_de_linregc2,0.008766172811367396,0.041476085383967964,-0.07252546076091795,0.09005780638365274,0.8326103664253525,348,0.9189087695987348,F0
HAMD,F0final_sma_de_linregerrQ,-0.18212776192373228,0.04776491583458799,-0.2757452766841117,-0.08851024716335289,0.00013728850885756376,348,0.003950602527459495,F0
HAMD,F0final_sma_de_qregc1,0.03135692160601267,0.04250658862236066,-0.051954461199474264,0.1146683044114996,0.4606994721156483,348,0.9142340313839096,F0
HAMD,F0final_sma_de_qregc2,-0.04341881794264258,0.042741510027038715,-0.12719063824049606,0.040353002355210894,0.3097024378009463,348,0.8097236308531717,F0
HAMD,F0final_sma_de_qregc3,0.008887104071692119,0.04148113537921363,-0.07241442730939683,0.09018863545278107,0.8303564151408125,348,0.9189087695987348,F0
HAMD,F0final_sma_de_qregerrQ,-0.1824508806594513,0.04775667959778879,-0.27605225269233613,-0.08884950862656649,0.00013322114342222756,348,0.003950602527459495,F0
HAMD,F0final_sma_de_centroid,-0.07549721719438243,0.04064962088777222,-0.15516901011962309,0.004174575730858221,0.06327311480608666,348,0.3051997302411239,F0
HAMD,F0final_sma_de_quartile1,0.17741340625974553,0.050521502855152896,0.07839308021880834,0.2764337323006827,0.00044534830505927947,348,0.005216937287837274,F0
HAMD,F0final_sma_de_quartile2,0.15408887946251767,0.05133133996757378,0.05348130184789164,0.2546964570771437,0.0026834614125913216,348,0.02000398507568076,F0
HAMD,F0final_sma_de_quartile3,-0.18321992275132234,0.05195643712136579,-0.2850526682742192,-0.08138717722842548,0.00042122746911075766,348,0.005216937287837274,F0
HAMD,F0final_sma_de_iqr1-2,-0.1834948617786983,0.05045783144390513,-0.28239039414674505,-0.08459932941065158,0.00027626229353198967,348,0.004530701613924631,F0
HAMD,F0final_sma_de_iqr2-3,-0.18982993868904163,0.050502468567595465,-0.2888129582118949,-0.0908469191661884,0.0001707132219853991,348,0.003950602527459495,F0
HAMD,F0final_sma_de_iqr1-3,-0.18785416378838218,0.05038488861749501,-0.2866067308437345,-0.08910159673302985,0.00019271231841265827,348,0.003950602527459495,F0
HAMD,F0final_sma_de_percentile1.0,0.1636345912069655,0.049258762450352905,0.06708919088125982,0.2601799915326712,0.0008939431850632933,348,0.008476659956753368,F0
HAMD,F0final_sma_de_percentile99.0,-0.1622215584886926,0.04944001210324474,-0.25912220160627664,-0.06532091537110855,0.0010337390191162644,348,0.008476659956753368,F0
HAMD,F0final_sma_de_pctlrange0-1,-0.1627293381865299,0.04947333525824133,-0.25969529348775855,-0.06576338288530129,0.001004607404094813,348,0.008476659956753368,F0
HAMD,F0final_sma_de_stddev,0.01058228444195529,0.042454312271434674,-0.07262663859847353,0.0937912074823841,0.8031574373072387,348,0.9189087695987348,F0
HAMD,F0final_sma_de_skewness,-0.031427351921241894,0.04128270097150789,-0.11233995900993406,0.04948525516745027,0.44649480062923363,348,0.9142340313839096,F0
HAMD,F0final_sma_de_kurtosis,0.1235679759364417,0.04332119472598482,0.03865999450626491,0.2084759573666185,0.004339487398155379,348,0.02965316388739509,F0
HAMD,F0final_sma_de_upleveltime25,0.07817179221239727,0.040565669657511544,-0.001335459325074631,0.15767904374986919,0.05397426378245761,348,0.30238828923171845,F0
HAMD,F0final_sma_de_upleveltime50,0.02726933306126693,0.04067579845788251,-0.05245376695859266,0.10699243308112652,0.5025984825160396,348,0.9142340313839096,F0
HAMD,F0final_sma_de_upleveltime75,0.015111133878038498,0.042620720500913985,-0.06842394329890084,0.09864621105497784,0.7229274882466904,348,0.9189087695987348,F0
HAMD,F0final_sma_de_upleveltime90,-0.03717693420869456,0.0451380485916622,-0.12564588378077138,0.05129201536338226,0.4101512946683171,348,0.9142340313839096,F0
HAMD,F0final_sma_de_risetime,-0.03191366111225787,0.060482751668529726,-0.150457676068456,0.08663035384394024,0.5977430035298142,348,0.9189087695987348,F0
HAMD,F0final_sma_de_leftctime,0.03457400823285079,0.054584030199447846,-0.07240872508911364,0.14155674155481524,0.5264666819827977,348,0.9142340313839096,F0
HAMD,F0final_sma_de_lpgain,0.016729882877863752,0.042053458120370785,-0.06569338046342646,0.09915314621915397,0.6907597854262302,348,0.9189087695987348,F0
HAMD,F0final_sma_de_lpc0,0.028784472102938254,0.041300076988801344,-0.05216219135384383,0.10973113555972033,0.48582827473457035,348,0.9142340313839096,F0
HAMD,F0final_sma_de_lpc1,-0.012930978210387507,0.04045952307083926,-0.09223018626089988,0.06636822984012486,0.7492694262293617,348,0.9189087695987348,F0
HAMD,F0final_sma_de_lpc2,0.005781675384612845,0.03974265201208355,-0.07211249120917923,0.08367584197840491,0.8843336064786366,348,0.9189087695987348,F0
HAMD,F0final_sma_de_lpc3,-0.006342278231991769,0.040943818999031434,-0.08659068885962018,0.07390613239563665,0.8768986003725128,348,0.9189087695987348,F0
HAMD,F0final_sma_de_lpc4,0.027174644572272883,0.040631667851428514,-0.052461961048320974,0.10681125019286673,0.5036201601498485,348,0.9142340313839096,F0
HAMD,F0final_sma_ff0_nnz,-0.04061424355123744,0.06225280840121434,-0.16262750595409003,0.08139901885161517,0.5141378668026886,348,0.9142340313839096,F0
HAMD,F0final_sma_ff0_meanSegLen,-0.06358785091306754,0.05540177971024078,-0.1721733438245614,0.044997641998426305,0.2510683681033451,348,0.7081042116631455,F0
HAMD,F0final_sma_ff0_maxSegLen,-0.01845933363239851,0.04872057716839681,-0.1139499101884607,0.0770312429236637,0.704775736560818,348,0.9189087695987348,F0
HAMD,F0final_sma_ff0_segLenStddev,-0.024885468155661446,0.053351754634838995,-0.1294529857519638,0.07968204944064089,0.6408995698011957,348,0.9189087695987348,F0
PHQ,F0final_sma_amean,0.030098518073912863,0.08707651735936611,-0.14056831984962154,0.20076535599744727,0.7296012776260246,348,0.890581794815888,F0
PHQ,F0final_sma_flatness,-0.10161294863147571,0.06324280132730327,-0.22556656151441207,0.022340664251460626,0.10811762654227922,348,0.4613731181264031,F0
PHQ,F0final_sma_posamean,0.030098518073912863,0.08707651735936611,-0.14056831984962154,0.20076535599744727,0.7296012776260246,348,0.890581794815888,F0
PHQ,F0final_sma_rqmean,0.042802629916053436,0.08548421817706402,-0.12474335895755628,0.21034861878966316,0.6165766576787748,348,0.890581794815888,F0
PHQ,F0final_sma_range,0.0057417439353061326,0.04725966466142721,-0.08688549672253153,0.09836898459314379,0.903300131531673,348,0.9531482883212964,F0
PHQ,F0final_sma_maxPos,0.052617941805288004,0.04233518750184619,-0.03035750097708076,0.13559338458765677,0.2139087140864847,348,0.5658230501642498,F0
PHQ,F0final_sma_minPos,0.032755347096804145,0.04230461577713812,-0.050160176206191516,0.11567087039979981,0.43876901294297477,348,0.8336054740949762,F0
PHQ,F0final_sma_linregc1,-0.04231683505540901,0.04089378032781692,-0.12246717168962273,0.03783350157880472,0.3007628806683659,348,0.7046444632801715,F0
PHQ,F0final_sma_linregc2,0.05168974866161061,0.07079733831478006,-0.08707048463665595,0.19044998195987717,0.4653237781892594,348,0.839732625683695,F0
PHQ,F0final_sma_linregerrQ,0.07580488392956732,0.0513630408080604,-0.02486482619069215,0.1764745940498268,0.1399802953584016,348,0.483111674317422,F0
PHQ,F0final_sma_qregc1,0.05312602803124189,0.04225770130406238,-0.02969754459417165,0.13594960065665543,0.2086842564069744,348,0.5658230501642498,F0
PHQ,F0final_sma_qregc2,-0.05838275419144309,0.04215315291108536,-0.14100141573198013,0.02423590734909395,0.16604784369549452,348,0.5042934512233537,F0
PHQ,F0final_sma_qregc3,0.06902176770151419,0.06984334204724667,-0.06786866727100127,0.20591220267402965,0.3230366412671354,348,0.7159190428082459,F0
PHQ,F0final_sma_qregerrQ,0.07849517849167273,0.051394869200266736,-0.02223691413099696,0.17922727111434242,0.12668742204104083,348,0.47219857306206126,F0
PHQ,F0final_sma_centroid,-0.04810394954652553,0.04094856494532948,-0.12836166205797067,0.03215376296491961,0.24009843483940774,348,0.5790609310832775,F0
PHQ,F0final_sma_quartile1,0.00727663989173017,0.08365775378334901,-0.15668954455115336,0.17124282433461369,0.9306865689626981,348,0.9531482883212964,F0
PHQ,F0final_sma_quartile2,0.035843595862735826,0.09009453399151833,-0.14073844596455978,0.21242563769003145,0.6907449679234521,348,0.890581794815888,F0
PHQ,F0final_sma_quartile3,0.024505935277229832,0.0880776278483704,-0.14812304314929822,0.19713491370375788,0.7808349627006537,348,0.9018093935416001,F0
PHQ,F0final_sma_iqr1-2,0.005990799374706552,0.05603423409381295,-0.10383428135045324,0.11581588009986633,0.9148578397396008,348,0.9531482883212964,F0
PHQ,F0final_sma_iqr2-3,0.02348256244576055,0.06144278104795599,-0.09694307551821338,0.14390820040973448,0.7023235053131438,348,0.890581794815888,F0
PHQ,F0final_sma_iqr1-3,0.026065383536912345,0.055487100336665464,-0.08268733472951227,0.13481810180333698,0.6385295437033678,348,0.890581794815888,F0
PHQ,F0final_sma_percentile1.0,0.009140498590907572,0.0532127177706172,-0.09515451175899667,0.11343550894081181,0.8636161343916159,348,0.9453872893533838,F0
PHQ,F0final_sma_percentile99.0,0.0310897562184386,0.058049274459518074,-0.08268473105089764,0.14486424348777485,0.5922521194906399,348,0.8829940690587722,F0
PHQ,F0final_sma_pctlrange0-1,0.032045318077591874,0.058341129928244695,-0.0823011953991396,0.14639183155432334,0.5828168125958517,348,0.8829940690587722,F0
PHQ,F0final_sma_stddev,0.0803440781039674,0.057649249274144596,-0.03264637420912786,0.19333453041706267,0.16341702339041897,348,0.5042934512233537,F0
PHQ,F0final_sma_skewness,-0.04827278268931492,0.06761667193275735,-0.18079902443197965,0.0842534590533498,0.4752776713229604,348,0.839732625683695,F0
PHQ,F0final_sma_kurtosis,-0.11683699129765433,0.05628754916214911,-0.2271585604334943,-0.006515422161814374,0.037920184312193024,348,0.23918885489229447,F0
PHQ,F0final_sma_upleveltime25,0.00035205854375152843,0.0733962055110485,-0.14350186085980376,0.14420597794730683,0.9961728130571473,348,0.9961728130571473,F0
PHQ,F0final_sma_upleveltime50,0.04246141019155007,0.050588766983352615,-0.05669075111811005,0.14161357150121018,0.40127594233572395,348,0.8214481070469577,F0
PHQ,F0final_sma_upleveltime75,0.048159321222626644,0.04825844253567084,-0.046425488097284,0.1427441305425373,0.31830552909900445,348,0.7159190428082459,F0
PHQ,F0final_sma_upleveltime90,-0.013710330058833693,0.0472913131930461,-0.10639960069880795,0.07897894058114056,0.7718833852034271,348,0.9018093935416001,F0
PHQ,F0final_sma_risetime,0.07476421545995462,0.058624173759019994,-0.04013705373114268,0.18966548465105193,0.2021982093430975,348,0.5658230501642498,F0
PHQ,F0final_sma_leftctime,-0.050183215815755314,0.06413246608915693,-0.17588053959023925,0.07551410795872861,0.43392480573957926,348,0.8336054740949762,F0
PHQ,F0final_sma_lpgain,0.07303351517234283,0.05765452134891165,-0.039967270217419665,0.18603430056210532,0.2052468652783177,348,0.5658230501642498,F0
PHQ,F0final_sma_lpc0,-0.017508997242264703,0.05483687516618325,-0.12498729759270276,0.08996930310817335,0.7495047985347802,348,0.8907158475340867,F0
PHQ,F0final_sma_lpc1,0.02588666892555337,0.0544155621536813,-0.08076587309416279,0.13253921094526955,0.6342725911895133,348,0.890581794815888,F0
PHQ,F0final_sma_lpc2,-0.0439232929471484,0.045902580414355396,-0.13389069735673864,0.046044111462441854,0.33862747732985055,348,0.7307224510802037,F0
PHQ,F0final_sma_lpc3,0.02954295790714932,0.041952695410431735,-0.052682814151675694,0.11176872996597434,0.48131016350163003,348,0.839732625683695,F0
PHQ,F0final_sma_lpc4,0.004252587090072548,0.04523221727134471,-0.08440092970265367,0.09290610388279877,0.9250958330610509,348,0.9531482883212964,F0
PHQ,F0final_sma_de_amean,0.02348510111040651,0.04339246034555331,-0.06156255836746044,0.10853276058827346,0.5883522417080784,348,0.8829940690587722,F0
PHQ,F0final_sma_de_flatness,-0.07558171446816728,0.04289410079169176,-0.15965260716911414,0.008489178232779587,0.07806020343603166,348,0.4267291121169731,F0
PHQ,F0final_sma_de_posamean,-0.09720706540743584,0.048104292137799536,-0.19148974549931622,-0.002924385315555472,0.043304968420426436,348,0.2536433864624977,F0
PHQ,F0final_sma_de_rqmean,-0.006830001191027683,0.043641698335835755,-0.09236615815342737,0.07870615577137201,0.8756375574854348,348,0.9453872893533838,F0
PHQ,F0final_sma_de_range,0.05023556475462829,0.042638305146015895,-0.03333397769339172,0.1338051072026483,0.23872516821692735,348,0.5790609310832775,F0
PHQ,F0final_sma_de_maxPos,-0.060339439378187885,0.04319503241792287,-0.1450001472283568,0.024321268471981024,0.16244156559285083,348,0.5042934512233537,F0
PHQ,F0final_sma_de_minPos,-0.06980357462403383,0.04429140871702293,-0.15661314053394218,0.017005991285874517,0.1150241668692851,348,0.4613731181264031,F0
PHQ,F0final_sma_de_linregc1,-0.009069577612564179,0.04425060050720503,-0.09579916090095589,0.07766000567582754,0.8376038265693785,348,0.9408700517628635,F0
PHQ,F0final_sma_de_linregc2,0.015183807931704063,0.04268626471273123,-0.06847973353979214,0.09884734940320028,0.722059918543452,348,0.890581794815888,F0
PHQ,F0final_sma_de_linregerrQ,-0.18347043160103613,0.048534886398892696,-0.27859706093660874,-0.08834380226546353,0.0001567172931083503,348,0.002111757336432956,F0
PHQ,F0final_sma_de_qregc1,0.009793919168559108,0.04378645890536814,-0.07602596329650557,0.09561380163362379,0.8230105028195526,348,0.937317517100046,F0
PHQ,F0final_sma_de_qregc2,-0.014703620966482506,0.04404932711160613,-0.10103871564845429,0.07163147371548928,0.738531244481468,348,0.890581794815888,F0
PHQ,F0final_sma_de_qregc3,0.015480289919527733,0.04269143829465487,-0.06819339158620988,0.09915397142526533,0.7168971582219896,348,0.890581794815888,F0
PHQ,F0final_sma_de_qregerrQ,-0.18394612992602713,0.048525381127012004,-0.27905412927105033,-0.08883813058100394,0.00015021125069621937,348,0.002111757336432956,F0
PHQ,F0final_sma_de_centroid,-0.06649258524353102,0.04187191711615601,-0.14856003475484303,0.015574864267781,0.11228644247059594,348,0.4613731181264031,F0
PHQ,F0final_sma_de_quartile1,0.19608979570426058,0.05111081339936894,0.09591444222095025,0.2962651491875709,0.00012476879500893855,348,0.002111757336432956,F0
PHQ,F0final_sma_de_quartile2,0.203124484067101,0.051759324776654334,0.10167807164074684,0.3045708964934552,8.694484107153616e-05,348,0.002111757336432956,F0
PHQ,F0final_sma_de_quartile3,-0.16810866793544055,0.05299503291929778,-0.27197702381677874,-0.06424031205410234,0.0015131016633869003,348,0.015509292049715727,F0
PHQ,F0final_sma_de_iqr1-2,-0.19151769453359574,0.05113725575106025,-0.2917448740738876,-0.0912905149933039,0.00018027196774427672,348,0.002111757336432956,F0
PHQ,F0final_sma_de_iqr2-3,-0.20383478254910745,0.05121814465570247,-0.30422050142924695,-0.10344906366896796,6.899133983883508e-05,348,0.002111757336432956,F0
PHQ,F0final_sma_de_iqr1-3,-0.1960843151244525,0.05110358562493388,-0.2962455024301818,-0.09592312781872327,0.00012454788989926422,348,0.002111757336432956,F0
PHQ,F0final_sma_de_percentile1.0,0.15162102728126314,0.0501619033908234,0.05330550323927166,0.24993655132325462,0.0025058589505518275,348,0.022831159327249984,F0
PHQ,F0final_sma_de_percentile99.0,-0.1492618641318309,0.050211623971709515,-0.24767483872164958,-0.05084888954201222,0.0029523554160919567,348,0.02401236382514608,F0
PHQ,F0final_sma_de_pctlrange0-1,-0.14825702517274028,0.050328214575140105,-0.2468985131462187,-0.04961553719926186,0.003221170757031791,348,0.02401236382514608,F0
PHQ,F0final_sma_de_stddev,-0.006798073576779921,0.04364113096533954,-0.09233311851344113,0.0787369713598813,0.8762126096445997,348,0.9453872893533838,F0
PHQ,F0final_sma_de_skewness,-0.024199698805639623,0.04248734354639344,-0.10747336195535107,0.05907396434407181,0.5689664660106026,348,0.8829940690587722,F0
PHQ,F0final_sma_de_kurtosis,0.12011380659674323,0.04415399055074221,0.03357357534356663,0.2066540378499198,0.006521509178806562,348,0.04456364605517818,F0
PHQ,F0final_sma_de_upleveltime25,0.06905664875594293,0.04181437594594357,-0.012898022134124415,0.15101131964601028,0.09863551132675553,348,0.4613731181264031,F0
PHQ,F0final_sma_de_upleveltime50,0.018852166457896797,0.041883773724436926,-0.06323852157862463,0.10094285449441821,0.6526335183080085,348,0.890581794815888,F0
PHQ,F0final_sma_de_upleveltime75,-0.02679825067188998,0.04369524354829956,-0.11243935432226328,0.05884285297848331,0.5396786318038317,348,0.8829940690587722,F0
PHQ,F0final_sma_de_upleveltime90,-0.07706655699213738,0.045759787303707666,-0.16675409204761765,0.012620978063342878,0.09215179164965616,348,0.4613731181264031,F0
PHQ,F0final_sma_de_risetime,-0.05523317958841042,0.06027729335827955,-0.17337450365619372,0.0629081444793729,0.3595000367668477,348,0.7558718721764491,F0
PHQ,F0final_sma_de_leftctime,0.0455957741502443,0.05542749691774861,-0.06304012356174785,0.15423167186223644,0.41072405352347885,348,0.8214481070469577,F0
PHQ,F0final_sma_de_lpgain,-0.0031737641149245524,0.043266487689226626,-0.08797452172335436,0.08162699349350526,0.941524528707622,348,0.9531482883212964,F0
PHQ,F0final_sma_de_lpc0,-0.015042638827259565,0.04242687242441265,-0.09819778075578392,0.06811250310126479,0.7229233629192819,348,0.890581794815888,F0
PHQ,F0final_sma_de_lpc1,0.04888045492061365,0.04160773605398725,-0.03266920922345006,0.13043011906467736,0.24007775429537892,348,0.5790609310832775,F0
PHQ,F0final_sma_de_lpc2,-0.059971649715750586,0.04078031510377221,-0.13989959859733891,0.019956299165837743,0.14139853882461131,348,0.483111674317422,F0
PHQ,F0final_sma_de_lpc3,-0.017307394426442146,0.04204299345163057,-0.09971014739389139,0.06509535854100709,0.6805890702397289,348,0.890581794815888,F0
PHQ,F0final_sma_de_lpc4,0.06497873731185985,0.04158484108385805,-0.016526053515323505,0.1464835281390432,0.11815653025188372,348,0.4613731181264031,F0
PHQ,F0final_sma_ff0_nnz,-0.03540464396056593,0.06246604940036138,-0.15783585104177406,0.0870265631206422,0.5708621757256185,348,0.8829940690587722,F0
PHQ,F0final_sma_ff0_meanSegLen,-0.035581597966643806,0.05586874979953685,-0.1450823354350154,0.07391913950172779,0.5242040768859857,348,0.877239475605119,F0
PHQ,F0final_sma_ff0_maxSegLen,-0.03772610069900584,0.04964462347954303,-0.13502777474496172,0.059575573346950045,0.4473004982948653,348,0.8336054740949762,F0
PHQ,F0final_sma_ff0_segLenStddev,-0.03483489740412169,0.05408979689129437,-0.14084895124214522,0.07117915643390185,0.5195626278536314,348,0.877239475605119,F0
BAI,F0final_sma_amean,0.13673347207882894,0.08346267226803991,-0.026850359619999237,0.3003173037776571,0.10136768139646582,348,0.43748157234264196,F0
BAI,F0final_sma_flatness,-0.033307997264293565,0.057680841545159456,-0.1463603692907678,0.07974437476218064,0.5636332190982634,348,0.8720363012463697,F0
BAI,F0final_sma_posamean,0.13673347207882894,0.08346267226803991,-0.026850359619999237,0.3003173037776571,0.10136768139646582,348,0.43748157234264196,F0
BAI,F0final_sma_rqmean,0.13177814116849054,0.08233448303360313,-0.029594480263095746,0.29315076260007683,0.1094828580879983,348,0.445099510484815,F0
BAI,F0final_sma_range,0.0348021475590758,0.041419300635333924,-0.046378189951015676,0.11598248506916728,0.40077391093886805,348,0.8624532381698774,F0
BAI,F0final_sma_maxPos,0.03478900005484027,0.036095826615160254,-0.03595752010307615,0.1055355202127567,0.33514839662384255,348,0.8141722789346729,F0
BAI,F0final_sma_minPos,0.014130333665398597,0.03613358833577517,-0.05669019810491733,0.08495086543571452,0.6957542648932478,348,0.9275431889423681,F0
BAI,F0final_sma_linregc1,-0.0035384215971501227,0.03461274542866388,-0.07137815604338472,0.06430131284908448,0.9185750187094732,348,0.9933558203038022,F0
BAI,F0final_sma_linregc2,0.017742906248836347,0.06366863634105518,-0.10704532792440986,0.14253114042208256,0.7804936589880902,348,0.9275431889423681,F0
BAI,F0final_sma_linregerrQ,0.03041133985602074,0.04593076638564307,-0.059611308042162636,0.12043398775420411,0.5078990514856251,348,0.8651333545806297,F0
BAI,F0final_sma_qregc1,0.0443293821791283,0.03596634212778614,-0.026163353046978234,0.11482211740523485,0.21775338306317393,348,0.6613250893029726,F0
BAI,F0final_sma_qregc2,-0.027672757206597034,0.03595879008917911,-0.09815069070902394,0.04280517629582986,0.44155581304691105,348,0.8624532381698774,F0
BAI,F0final_sma_qregc3,0.02780150765016152,0.06251291208687212,-0.09472154860882646,0.1503245639091495,0.6565132648810469,348,0.9275431889423681,F0
BAI,F0final_sma_qregerrQ,0.031022219735614608,0.04597633696674432,-0.05908974486028178,0.12113418433151099,0.49983894668192386,348,0.8651333545806297,F0
BAI,F0final_sma_centroid,-0.012517260986043463,0.03467983665377781,-0.08048849181718003,0.055453969845093105,0.718146009114828,348,0.9275431889423681,F0
BAI,F0final_sma_quartile1,0.1182161350134684,0.07973194542067215,-0.038055606428362296,0.2744878764552991,0.13816220400764925,348,0.5107107602366018,F0
BAI,F0final_sma_quartile2,0.16241608409304567,0.08772175208861133,-0.009515390661383794,0.33434755884747513,0.06409886705978472,348,0.36020505883894965,F0
BAI,F0final_sma_quartile3,0.1259919678346718,0.08607174628861194,-0.04270555497747669,0.29468949064682026,0.14324814006636394,348,0.5107107602366018,F0
BAI,F0final_sma_iqr1-2,0.02926649722142419,0.050127249352860774,-0.06898110615424166,0.12751410059709004,0.5593252260283457,348,0.8720363012463697,F0
BAI,F0final_sma_iqr2-3,0.03185776487137656,0.05676030999360811,-0.07939039846742424,0.14310592821017734,0.5746146222223258,348,0.8725629448561244,F0
BAI,F0final_sma_iqr1-3,0.049743926835841876,0.05005160890203691,-0.048355423980434825,0.14784327765211858,0.3202945831378966,348,0.8141722789346729,F0
BAI,F0final_sma_percentile1.0,0.04514568500333198,0.047107043010057546,-0.04718242271456011,0.13747379272122406,0.33787933983364915,348,0.8141722789346729,F0
BAI,F0final_sma_percentile99.0,0.04817706432311663,0.05344492268142529,-0.056573059289004794,0.15292718793523805,0.36735767144963083,348,0.8141722789346729,F0
BAI,F0final_sma_pctlrange0-1,0.03563176827728118,0.05385331467387699,-0.06991878893162012,0.14118232548618248,0.5081988572887417,348,0.8651333545806297,F0
BAI,F0final_sma_stddev,0.05751106649096058,0.05336623281517787,-0.04708482781736763,0.16210696079928877,0.2811820685562191,348,0.7950665386762057,F0
BAI,F0final_sma_skewness,-0.0013279067756652204,0.06069225734937563,-0.12028254532087786,0.11762673176954742,0.9825442019447201,348,0.9933558203038022,F0
BAI,F0final_sma_kurtosis,-0.06493315574373278,0.050275693239325445,-0.16347170379059453,0.03360539230312898,0.19651589522853563,348,0.6197809003361509,F0
BAI,F0final_sma_upleveltime25,0.021963096945588498,0.06636474471620173,-0.10810941254136174,0.15203560643253872,0.7406858424060319,348,0.9275431889423681,F0
BAI,F0final_sma_upleveltime50,0.00866247271341211,0.04476714105470757,-0.07907951144463918,0.0964044568714634,0.8465668652009728,348,0.939753272662601,F0
BAI,F0final_sma_upleveltime75,0.031627250909470585,0.04223414363475663,-0.05115014953254398,0.11440465135148514,0.453944587267915,348,0.8651333545806297,F0
BAI,F0final_sma_upleveltime90,0.00787299532292717,0.04109475540726696,-0.07267124522879871,0.08841723587465304,0.8480700265491765,348,0.939753272662601,F0
BAI,F0final_sma_risetime,0.08640552964348965,0.05466921326912223,-0.020744159427129163,0.19355521871410847,0.11398889902659896,348,0.445099510484815,F0
BAI,F0final_sma_leftctime,-0.04852823536573384,0.06308504984669222,-0.17217266102816464,0.07511619029669697,0.44174434150164454,348,0.8624532381698774,F0
BAI,F0final_sma_lpgain,0.02263578923533985,0.051821125863651084,-0.07893175109573337,0.12420332956641307,0.6622518999005351,348,0.9275431889423681,F0
BAI,F0final_sma_lpc0,0.01534817967191049,0.04924359680868477,-0.0811674965423232,0.11186385588614418,0.7552847258129693,348,0.9275431889423681,F0
BAI,F0final_sma_lpc1,0.00039973888585552653,0.04800318682022901,-0.09368477842494113,0.09448425619665218,0.9933558203038022,348,0.9933558203038022,F0
BAI,F0final_sma_lpc2,-0.008221491230915172,0.03951288593567146,-0.08566532459007048,0.06922234212824013,0.8351734207469415,348,0.939753272662601,F0
BAI,F0final_sma_lpc3,-0.012477652456638575,0.03558278968764094,-0.08221863871387806,0.05726333380060091,0.72583940120697,348,0.9275431889423681,F0
BAI,F0final_sma_lpc4,0.02515555617437716,0.0388189116642361,-0.050928112606567405,0.10123922495532173,0.5169699313957421,348,0.8651333545806297,F0
BAI,F0final_sma_de_amean,-0.0016924162603731176,0.037088027569777936,-0.07438361455476646,0.07099878203402023,0.9636032327527783,348,0.9933558203038022,F0
BAI,F0final_sma_de_flatness,-0.0647495802559249,0.036322516751241866,-0.13594040491621176,0.006441244404361973,0.07464667757256335,348,0.36020505883894965,F0
BAI,F0final_sma_de_posamean,-0.10461059713704875,0.04198779656821206,-0.18690516620093886,-0.022316028073158634,0.012722200764855284,348,0.08693503855984445,F0
BAI,F0final_sma_de_rqmean,0.0003810692621411363,0.037291658225459524,-0.07270923778353638,0.07347137630781866,0.9918468632415485,348,0.9933558203038022,F0
BAI,F0final_sma_de_range,0.03466760807452869,0.036265278947137325,-0.036411032551159114,0.1057462487002165,0.33910007822027877,348,0.8141722789346729,F0
BAI,F0final_sma_de_maxPos,-0.04877100467426553,0.03681472724457909,-0.12092654417430607,0.023384534825774995,0.18524782220861102,348,0.6076128568442442,F0
BAI,F0final_sma_de_minPos,-0.026594077394995846,0.03769999115728704,-0.10048470228075695,0.047296547490765256,0.48055303287423645,348,0.8651333545806297,F0
BAI,F0final_sma_de_linregc1,-0.007611922518994794,0.03794303114632804,-0.08197889703007928,0.06675505199208968,0.8410000130893884,348,0.939753272662601,F0
BAI,F0final_sma_de_linregc2,0.021924794248780476,0.036260036852517157,-0.04914357206024825,0.0929931605578092,0.5454085900238821,348,0.8720363012463697,F0
BAI,F0final_sma_de_linregerrQ,-0.11957250307951992,0.043667727414617934,-0.20515967609888341,-0.0339853300601564,0.006176990456012435,348,0.04604665612663815,F0
BAI,F0final_sma_de_qregc1,0.010940062169267137,0.037468443980856754,-0.062496738589968674,0.08437686292850295,0.77030138726197,348,0.9275431889423681,F0
BAI,F0final_sma_de_qregc2,-0.009719489878006353,0.037712824369063105,-0.08363526739665453,0.06419628764064181,0.7966201284188248,348,0.9331835790049091,F0
BAI,F0final_sma_de_qregc3,0.02220420589385232,0.036263073601831015,-0.048870112334461646,0.09327852412216628,0.540333344232681,348,0.8720363012463697,F0
BAI,F0final_sma_de_qregerrQ,-0.11982436309169216,0.04365890616277001,-0.20539424677513518,-0.03425447940824913,0.006059260301733918,348,0.04604665612663815,F0
BAI,F0final_sma_de_centroid,-0.06317490344572892,0.03544283049928255,-0.1326415747344805,0.006291767843022655,0.07467665853978224,348,0.36020505883894965,F0
BAI,F0final_sma_de_quartile1,0.17482568058174017,0.046085287354916384,0.08450017714892488,0.26515118401455545,0.00014852378825462164,348,0.0035546817183836833,F0
BAI,F0final_sma_de_quartile2,0.18063949202457052,0.04670307259643304,0.08910315176820222,0.27217583228093883,0.000109808685071291,348,0.0035546817183836833,F0
BAI,F0final_sma_de_quartile3,-0.14569072038317557,0.04802992160353032,-0.23982763690637726,-0.051553803859973865,0.0024186897117414474,348,0.022036950706977632,F0
BAI,F0final_sma_de_iqr1-2,-0.1700690822470275,0.046146633632557645,-0.26051482217460525,-0.07962334231944974,0.00022833831352966018,348,0.003744748341886427,F0
BAI,F0final_sma_de_iqr2-3,-0.17735190835243902,0.046143106404018724,-0.26779073503911527,-0.0869130816657628,0.0001212825816696427,348,0.0035546817183836833,F0
BAI,F0final_sma_de_iqr1-3,-0.17302769568036047,0.04608030151708013,-0.26334342705058394,-0.082711964310137,0.00017339910821383822,348,0.0035546817183836833,F0
BAI,F0final_sma_de_percentile1.0,0.14297121151812917,0.045079735664691034,0.05461655318274894,0.2313258698535094,0.0015164425653984381,348,0.01554353629533399,F0
BAI,F0final_sma_de_percentile99.0,-0.14762592305750727,0.04489024195217803,-0.23560918054106522,-0.05964266557394933,0.0010068801780030495,348,0.013760695766041678,F0
BAI,F0final_sma_de_pctlrange0-1,-0.14453447084454898,0.045200413714787856,-0.2331256538118435,-0.05594328787725447,0.0013855904989475108,348,0.01554353629533399,F0
BAI,F0final_sma_de_stddev,0.0004332633815068619,0.03729107188288525,-0.0726558944538425,0.07352242121685622,0.990730049629627,348,0.9933558203038022,F0
BAI,F0final_sma_de_skewness,-0.01795295826436124,0.03624616106787395,-0.08899412853523203,0.05308821200650956,0.6203838011378893,348,0.9249358489692167,F0
BAI,F0final_sma_de_kurtosis,0.06830390658691705,0.03829291459293903,-0.006748826878311701,0.14335664005214582,0.07446888179844124,348,0.36020505883894965,F0
BAI,F0final_sma_de_upleveltime25,0.04060426171012377,0.03568818477620891,-0.02934329512485634,0.11055181854510387,0.25522454357613034,348,0.7474433061872388,F0
BAI,F0final_sma_de_upleveltime50,0.010359844432080939,0.03560805819551153,-0.05943066719052797,0.08015035605468984,0.7710964354998034,348,0.9275431889423681,F0
BAI,F0final_sma_de_upleveltime75,-0.03369159551445224,0.03737633973178423,-0.10694787526268279,0.03956468423377831,0.36736767718660246,348,0.8141722789346729,F0
BAI,F0final_sma_de_upleveltime90,-0.07290657773449172,0.039555628314719156,-0.15043418461719404,0.004621029148210623,0.06530850985574743,348,0.36020505883894965,F0
BAI,F0final_sma_de_risetime,-0.04155339474228187,0.05802348209959904,-0.15527732991510051,0.07217054043053676,0.4739000306531689,348,0.8651333545806297,F0
BAI,F0final_sma_de_leftctime,-0.016100225750432146,0.0505092034406348,-0.11509644538188293,0.08289599388101865,0.7499098328712592,348,0.9275431889423681,F0
BAI,F0final_sma_de_lpgain,-0.01100958923453075,0.03690028662725871,-0.08333282204316281,0.0613136435741013,0.7654280071171284,348,0.9275431889423681,F0
BAI,F0final_sma_de_lpc0,-0.029641529843484515,0.03614290840068929,-0.10048032860536568,0.041197268918396646,0.4121475787028659,348,0.8624532381698774,F0
BAI,F0final_sma_de_lpc1,0.02745747291471221,0.035401435326937424,-0.041928065327109104,0.09684301115653351,0.4379832037604914,348,0.8624532381698774,F0
BAI,F0final_sma_de_lpc2,-0.0006460541876768601,0.03453027296406585,-0.06832414557358306,0.06703203719822935,0.9850726175956357,348,0.9933558203038022,F0
BAI,F0final_sma_de_lpc3,-0.03255165522326512,0.03558572406805646,-0.10229839276043595,0.03719508231390572,0.36032858280617,348,0.8141722789346729,F0
BAI,F0final_sma_de_lpc4,0.048543126444893336,0.0352163987965574,-0.020479746861558873,0.11756599975134555,0.16807244265672416,348,0.5742475124104742,F0
BAI,F0final_sma_ff0_nnz,0.01709682733114661,0.05829704376018296,-0.09716327884396748,0.1313569335062607,0.7693150836595075,348,0.9275431889423681,F0
BAI,F0final_sma_ff0_meanSegLen,-0.0034803161370791274,0.05016897793194537,-0.10180970602487681,0.09484907375071856,0.9446936143421929,348,0.9933558203038022,F0
BAI,F0final_sma_ff0_maxSegLen,-0.03927776938172068,0.0435737052544223,-0.1246806623533521,0.04612512358991074,0.3673704185436939,348,0.8141722789346729,F0
BAI,F0final_sma_ff0_segLenStddev,-0.021111531939089836,0.048546467650427076,-0.11626086011056573,0.07403779623238606,0.6636548542250378,348,0.9275431889423681,F0
BHOL,F0final_sma_amean,-0.07146709410702308,0.09509380279265381,-0.25784752273357897,0.1149133345195328,0.45232585486888377,348,0.878347263088049,F0
BHOL,F0final_sma_flatness,0.04958163512230298,0.0723234081382173,-0.09216964006779396,0.19133291031239993,0.49299410625791196,348,0.9119274306402481,F0
BHOL,F0final_sma_posamean,-0.07146709410702308,0.09509380279265381,-0.25784752273357897,0.1149133345195328,0.45232585486888377,348,0.878347263088049,F0
BHOL,F0final_sma_rqmean,-0.07531795207088951,0.09297156830620108,-0.2575388775372492,0.10690297339547017,0.41787229132604564,348,0.878347263088049,F0
BHOL,F0final_sma_range,-0.07904979973411536,0.05597103866561961,-0.1887510196960286,0.030651420227797876,0.1578516460205045,348,0.8547766586400889,F0
BHOL,F0final_sma_maxPos,-0.01632848468482747,0.05181938308179803,-0.11789260922623579,0.08523563985658086,0.7526828410270551,348,0.9119274306402481,F0
BHOL,F0final_sma_minPos,0.026727675623812782,0.0515889171720537,-0.0743847440348324,0.12784009528245796,0.6043958350222874,348,0.9119274306402481,F0
BHOL,F0final_sma_linregc1,-0.08562398074055994,0.050228906878566404,-0.18407082920536627,0.0128228677242464,0.08825498469800899,348,0.8547766586400889,F0
BHOL,F0final_sma_linregc2,-0.004534384903583194,0.08266945445307,-0.16656353825317477,0.1574947684460084,0.956258300232936,348,0.9869476008042948,F0
BHOL,F0final_sma_linregerrQ,-0.025462019568600176,0.06009045537511207,-0.14323714791843115,0.09231310878123078,0.6717640578404127,348,0.9119274306402481,F0
BHOL,F0final_sma_qregc1,0.005597109684835649,0.051758883926829743,-0.09584843869173973,0.10704265806141103,0.9138861103774508,348,0.9869476008042948,F0
BHOL,F0final_sma_qregc2,-0.023654530558075575,0.051720690733641696,-0.1250252216515478,0.07771616053539665,0.6474184871490313,348,0.9119274306402481,F0
BHOL,F0final_sma_qregc3,-0.005750113154707195,0.08200337419277606,-0.1664737731833096,0.15497354687389522,0.94409779336813,348,0.9869476008042948,F0
BHOL,F0final_sma_qregerrQ,-0.024251333204128072,0.060140390377056464,-0.14212433235933797,0.09362166595108183,0.68676773544274,348,0.9119274306402481,F0
BHOL,F0final_sma_centroid,-0.07900294081678153,0.050364640546908056,-0.17771582238302702,0.01970994074946396,0.116736702148514,348,0.8547766586400889,F0
BHOL,F0final_sma_quartile1,0.0028932439025628237,0.09190464580537198,-0.17723655188787643,0.18302303969300207,0.9748859986892012,348,0.9869476008042948,F0
BHOL,F0final_sma_quartile2,-0.03593336266483578,0.09695517957713619,-0.2259620227506361,0.15409529742096456,0.7109218588295925,348,0.9119274306402481,F0
BHOL,F0final_sma_quartile3,-0.10787523177700466,0.0938114143574044,-0.291742225256281,0.07599176170227169,0.2501785342361236,348,0.8547766586400889,F0
BHOL,F0final_sma_iqr1-2,-0.09373396106762645,0.06370307709064951,-0.2185896978696781,0.031121775734425206,0.14117765543765043,348,0.8547766586400889,F0
BHOL,F0final_sma_iqr2-3,-0.16558937074197805,0.0675990291961346,-0.29808103335627345,-0.03309770812768262,0.014302210699685037,348,0.7794619206529201,F0
BHOL,F0final_sma_iqr1-3,-0.14529951736177457,0.061953225144095424,-0.26672560737030293,-0.02387342735324624,0.019011266357388295,348,0.7794619206529201,F0
BHOL,F0final_sma_percentile1.0,0.10186245182637013,0.06231745333333287,-0.020277512315217835,0.2240024159679581,0.1021385067824244,348,0.8547766586400889,F0
BHOL,F0final_sma_percentile99.0,-0.05062027392978998,0.06509159554725351,-0.17819745689865463,0.07695690903907465,0.436759117812629,348,0.878347263088049,F0
BHOL,F0final_sma_pctlrange0-1,-0.07642981896319258,0.0650479242961977,-0.20392140785282803,0.05106176992644286,0.2400038929321645,348,0.8547766586400889,F0
BHOL,F0final_sma_stddev,-0.050436522898803564,0.06472126044262752,-0.17728786240039038,0.07641481660278324,0.43580988815378474,348,0.878347263088049,F0
BHOL,F0final_sma_skewness,0.08105196215688383,0.07813805321934952,-0.07209580797511526,0.2341997322888829,0.2995998844823684,348,0.878347263088049,F0
BHOL,F0final_sma_kurtosis,0.06686468386834415,0.06645184437937746,-0.06337853782149608,0.1971079055581844,0.3143133068506423,348,0.878347263088049,F0
BHOL,F0final_sma_upleveltime25,-0.05548391733352092,0.08500134760592434,-0.22208349727850257,0.11111566261146072,0.5139228659165128,348,0.9119274306402481,F0
BHOL,F0final_sma_upleveltime50,-0.02317517594646332,0.05993277194034615,-0.1406412504431945,0.09429089855026787,0.6989885324002483,348,0.9119274306402481,F0
BHOL,F0final_sma_upleveltime75,0.04385551044321995,0.05758887914311798,-0.06901661858732118,0.15672763947376106,0.446342108726438,348,0.878347263088049,F0
BHOL,F0final_sma_upleveltime90,0.07382978205732937,0.05662465194428967,-0.03715249639059433,0.18481206050525306,0.19228635927964122,348,0.8547766586400889,F0
BHOL,F0final_sma_risetime,-0.10590853869392752,0.06534404910862092,-0.23398052155084115,0.0221634441629861,0.10506413722360912,348,0.8547766586400889,F0
BHOL,F0final_sma_leftctime,-0.07238237055931199,0.0678491841312496,-0.20536432783698777,0.060599586718363796,0.28605642756177097,348,0.878347263088049,F0
BHOL,F0final_sma_lpgain,-0.0208196990711799,0.06679388586052286,-0.15173330974528385,0.11009391160292406,0.7552680176244521,348,0.9119274306402481,F0
BHOL,F0final_sma_lpc0,0.1191400325179196,0.06312775768409647,-0.0045880989676811285,0.24286816400352035,0.0591220830331484,348,0.8547766586400889,F0
BHOL,F0final_sma_lpc1,-0.10323728234079671,0.06424172846889754,-0.22914875644443736,0.022674191762843937,0.10805155207248264,348,0.8547766586400889,F0
BHOL,F0final_sma_lpc2,-0.07185754093528071,0.05595982372662027,-0.18153678002066642,0.03782169815010501,0.19910989839008653,348,0.8547766586400889,F0
BHOL,F0final_sma_lpc3,0.023950349840603027,0.051500407690160975,-0.07698859442124212,0.12488929410244817,0.6418944655693406,348,0.9119274306402481,F0
BHOL,F0final_sma_lpc4,-0.01601416772486689,0.055285271176719615,-0.12437130810676766,0.0923429726570339,0.7720730932280848,348,0.9119274306402481,F0
BHOL,F0final_sma_de_amean,-0.049474564134692874,0.05292749024504112,-0.1532105388070685,0.05426141053768276,0.34991138093426843,348,0.878347263088049,F0
BHOL,F0final_sma_de_flatness,0.019873769036989265,0.05302783408209452,-0.08405887594208158,0.12380641401606013,0.707824126396347,348,0.9119274306402481,F0
BHOL,F0final_sma_de_posamean,-0.08356712008253286,0.05733933561113251,-0.19595015277780756,0.02881591261274183,0.1450022810509485,348,0.8547766586400889,F0
BHOL,F0final_sma_de_rqmean,-0.024938095436057215,0.05322313920093842,-0.12925353141405843,0.07937734054194401,0.6393860370676355,348,0.9119274306402481,F0
BHOL,F0final_sma_de_range,-0.02130018637960979,0.052553001077860324,-0.12430217577171067,0.0817018030124911,0.6852506425954528,348,0.9119274306402481,F0
BHOL,F0final_sma_de_maxPos,-0.018519151376795346,0.05318182657116209,-0.12275361608832831,0.08571531333473763,0.7276724874374934,348,0.9119274306402481,F0
BHOL,F0final_sma_de_minPos,0.00965871452743001,0.05434718143496014,-0.09685980374635571,0.11617723280121574,0.8589409491453877,348,0.9782383031933581,F0
BHOL,F0final_sma_de_linregc1,0.04775706935754836,0.05378813691213211,-0.057665741785740056,0.15317988050083678,0.37460872099149445,348,0.878347263088049,F0
BHOL,F0final_sma_de_linregc2,0.0630855763317568,0.05223250762105074,-0.03928825742771655,0.16545941009123016,0.22713043589831627,348,0.8547766586400889,F0
BHOL,F0final_sma_de_linregerrQ,0.0009843578967761674,0.05852234371205186,-0.11371732806971957,0.11568604386327191,0.9865800498481563,348,0.9869476008042948,F0
BHOL,F0final_sma_de_qregc1,-0.04585521118912318,0.05334037513038563,-0.150400425366535,0.058690002988288636,0.3899700366949528,348,0.878347263088049,F0
BHOL,F0final_sma_de_qregc2,0.0486845264465348,0.053587622606328086,-0.056345283878992666,0.15371433677206225,0.3636124255478559,348,0.878347263088049,F0
BHOL,F0final_sma_de_qregc3,0.06294735843236372,0.05223913992715448,-0.0394394744082074,0.16533419127293486,0.22820925218109966,348,0.8547766586400889,F0
BHOL,F0final_sma_de_qregerrQ,0.0014337545949354086,0.05851064072942921,-0.11324499394710824,0.11611250313697905,0.9804504587942936,348,0.9869476008042948,F0
BHOL,F0final_sma_de_centroid,-0.015417737599319746,0.05204202818546554,-0.11741823852525059,0.08658276332661109,0.7670349595523582,348,0.9119274306402481,F0
BHOL,F0final_sma_de_quartile1,0.005231620055296394,0.06050754362510538,-0.1133609862428963,0.1238242263534891,0.9310989415697122,348,0.9869476008042948,F0
BHOL,F0final_sma_de_quartile2,-0.033303470347897574,0.0609547841057108,-0.15277265188050526,0.08616571118471011,0.5848160816134831,348,0.9119274306402481,F0
BHOL,F0final_sma_de_quartile3,-0.07667568359151755,0.061729640683816235,-0.19766355611039585,0.044312188927360746,0.2141919180845162,348,0.8547766586400889,F0
BHOL,F0final_sma_de_iqr1-2,-0.017013361135845187,0.06047960774121429,-0.13555121410773505,0.10152449183604467,0.7784746359124068,348,0.9119274306402481,F0
BHOL,F0final_sma_de_iqr2-3,-0.029286967214177312,0.06065711058673622,-0.14817271937044352,0.08959878494208891,0.6292176826988027,348,0.9119274306402481,F0
BHOL,F0final_sma_de_iqr1-3,-0.024749905502586187,0.06049201286161581,-0.1433120720636869,0.09381226105851453,0.6824344562206429,348,0.9119274306402481,F0
BHOL,F0final_sma_de_percentile1.0,0.005411915336766007,0.05907883253328203,-0.11038046867714,0.12120429935067202,0.9270118937596075,348,0.9869476008042948,F0
BHOL,F0final_sma_de_percentile99.0,-0.04582959224089867,0.05936428492878399,-0.1621814526692892,0.07052226818749188,0.4401107931385898,348,0.878347263088049,F0
BHOL,F0final_sma_de_pctlrange0-1,-0.025260634780855284,0.05929811037596056,-0.14148279546901887,0.0909615259073083,0.6701122727478855,348,0.9119274306402481,F0
BHOL,F0final_sma_de_stddev,-0.02492540995275574,0.05322237270978967,-0.12923934363571093,0.07938852373019945,0.6395516253703961,348,0.9119274306402481,F0
BHOL,F0final_sma_de_skewness,-0.0685108391289193,0.051916969562956404,-0.17026622965877602,0.03324455140093745,0.1869608426067486,348,0.8547766586400889,F0
BHOL,F0final_sma_de_kurtosis,0.0008895982615176147,0.054378129874716484,-0.10568957783956826,0.10746877436260349,0.9869476008042948,348,0.9869476008042948,F0
BHOL,F0final_sma_de_upleveltime25,0.07710668635778901,0.05129084904929531,-0.023421530515310263,0.1776349032308883,0.13275590608941043,348,0.8547766586400889,F0
BHOL,F0final_sma_de_upleveltime50,0.06520429216479165,0.0513400327902144,-0.035420323069133994,0.1658289073987173,0.2040676284460996,348,0.8547766586400889,F0
BHOL,F0final_sma_de_upleveltime75,0.0574698993285804,0.0527823460197174,-0.04598159788959679,0.16092139654675758,0.276238072305666,348,0.878347263088049,F0
BHOL,F0final_sma_de_upleveltime90,0.05703738270459392,0.055131479294327594,-0.05101833112670387,0.16509309653589171,0.30086970108896316,348,0.878347263088049,F0
BHOL,F0final_sma_de_risetime,-0.0749528489445203,0.06516248872185694,-0.20266897998235733,0.05276328209331675,0.25004283704036967,348,0.8547766586400889,F0
BHOL,F0final_sma_de_leftctime,0.0826922224511299,0.062392583167063656,-0.03959499345873489,0.2049794383609947,0.18505396414872133,348,0.8547766586400889,F0
BHOL,F0final_sma_de_lpgain,-0.018602100951915692,0.05289344564843318,-0.12227134944107157,0.08506714753724018,0.7250706892736603,348,0.9119274306402481,F0
BHOL,F0final_sma_de_lpc0,0.010819526007946919,0.05188743331420522,-0.09087797453811909,0.11251702655401292,0.8348235938303501,348,0.9641624604801227,F0
BHOL,F0final_sma_de_lpc1,-0.006938402818657712,0.05123858571717846,-0.10736418544309591,0.0934873798057805,0.8922848492790201,348,0.9869476008042948,F0
BHOL,F0final_sma_de_lpc2,0.03131459729581948,0.050377839567674276,-0.067424153875759,0.13005334846739797,0.534208417055128,348,0.9119274306402481,F0
BHOL,F0final_sma_de_lpc3,-0.038095399353424604,0.051629255019835674,-0.13928687974093631,0.06309608103408712,0.4605967355217818,348,0.878347263088049,F0
BHOL,F0final_sma_de_lpc4,-0.022258588216901423,0.05139956698341579,-0.12299988832535043,0.07848271189154758,0.6649783648574643,348,0.9119274306402481,F0
BHOL,F0final_sma_ff0_nnz,-0.13223436465685207,0.0692885416782436,-0.268037410887512,0.0035686815738078526,0.0563318733236474,348,0.8547766586400889,F0
BHOL,F0final_sma_ff0_meanSegLen,-0.02918975580203394,0.0645118763868652,-0.1556307100953897,0.09725119849132181,0.6509296795458128,348,0.9119274306402481,F0
BHOL,F0final_sma_ff0_maxSegLen,-0.0515376819330619,0.05848831522198267,-0.16617267328457375,0.06309730941844993,0.37823013323868715,348,0.878347263088049,F0
BHOL,F0final_sma_ff0_segLenStddev,-0.05236695194983492,0.062376212454409344,-0.174622081852496,0.06988817795282617,0.40116971086557374,348,0.878347263088049,F0
HAMD,liwc_analytical_thinking,0.03955441251364369,0.046877432181917464,-0.05232366625063343,0.1314324912779208,0.3987902934570563,348,0.654265325202983,LIWC
HAMD,liwc_clout,0.05500665802521728,0.04934160222971251,-0.04170110528452047,0.15171442133495502,0.26493057817975085,348,0.5918661852951881,LIWC
HAMD,liwc_authentic,-0.045521069060306715,0.046767785412536136,-0.13718424410557525,0.04614210598496182,0.33038315005289476,348,0.630731468282799,LIWC
HAMD,liwc_emotional_tone,-0.20479772217206538,0.04411517326787005,-0.2912618729488349,-0.1183335713952959,3.4448202598395777e-06,348,0.00018085306364157782,LIWC
HAMD,liwc_six_plus_words,0.0778416621384056,0.0450821698592475,-0.010517767130636652,0.16620109140744785,0.08422841364828335,348,0.3537593373227901,LIWC
HAMD,liwc_dictionary_words,-0.11681873135681775,0.04235031198225136,-0.19982381757606552,-0.033813645137569986,0.0058086623252296835,348,0.07623869301863959,LIWC
HAMD,liwc_function_words,0.037755030352595795,0.04790238578327457,-0.056131920556165865,0.13164198126135745,0.4305996314689766,348,0.6748203179737694,LIWC
HAMD,liwc_pronouns,0.09175047801096904,0.04673686538980327,0.00014790509665807416,0.18335305092528,0.04963123088822488,348,0.273202679041132,LIWC
HAMD,liwc_personal_pronouns,0.06115251465595987,0.05357736924960836,-0.0438571994596763,0.16616222877159603,0.25370889734652513,348,0.579118135247503,LIWC
HAMD,liwc_i,0.011301212446958146,0.04823693406376369,-0.083241441042652,0.10584386593656829,0.8147633704915804,348,0.8968428101679321,LIWC
HAMD,liwc_we,-0.041855749016157684,0.04622584794348907,-0.13245674614022118,0.048745248107905814,0.3652206792750641,348,0.654265325202983,LIWC
HAMD,liwc_you,0.058149576934513565,0.045943508804149276,-0.03189804564501791,0.14819719951404503,0.20562925631894002,348,0.5538801668918518,LIWC
HAMD,liwc_she_he,-0.0008572246229815088,0.04880549445460304,-0.09651423600167279,0.09479978675570978,0.9859865956878464,348,0.9979022869223454,LIWC
HAMD,liwc_they,0.10624315600010323,0.04590242088981252,0.01627606425287166,0.1962102477473348,0.020637920730839678,348,0.1805818063948472,LIWC
HAMD,liwc_impersonal_pronouns,0.0460104728529074,0.048593743824197615,-0.04923151491648559,0.1412524606223004,0.34372060461033527,348,0.6444761336443786,LIWC
HAMD,liwc_articles,-0.022270028289765213,0.046820197668209176,-0.11403592946850141,0.069495872888971,0.6343237284290042,348,0.8081858834200748,LIWC
HAMD,liwc_prepositions,0.05136169917499176,0.04219108031892506,-0.03133129871893805,0.13405469706892156,0.2234675847432407,348,0.5538801668918518,LIWC
HAMD,liwc_auxiliary_verbs,-0.09666539926313043,0.0432168574535305,-0.1813688833970516,-0.011961915129209258,0.025302542841874935,348,0.20436669218437448,LIWC
HAMD,liwc_adverbs,-0.07475034152413171,0.04778888205872916,-0.1684148292206732,0.018914146172409788,0.11777565647549859,348,0.41221479766424507,LIWC
HAMD,liwc_conjunctions,0.03708741543515021,0.048051670704569005,-0.05709212854278344,0.13126695941308386,0.4402188877782095,348,0.6797497531869411,LIWC
HAMD,liwc_negations,-0.030130403071096257,0.047920613837348615,-0.12405308030935129,0.06379227416715878,0.5295084054786743,348,0.7534283364971789,LIWC
HAMD,liwc_other_grammar,-0.04616175019819899,0.0440128877066909,-0.13242542495891885,0.04010192456252087,0.29425936719316625,348,0.6104524443304336,LIWC
HAMD,liwc_verbs,0.002360461694060947,0.04660297092933241,-0.08897968289999772,0.0937006062881196,0.9596040569087891,348,0.9878277056414005,LIWC
HAMD,liwc_adjectives,-0.0857689869554483,0.040765518791058726,-0.1656679355970142,-0.005870038313882386,0.03538200905784144,348,0.2244587564586191,LIWC
HAMD,liwc_comparisons,-0.013008561900900713,0.04326360195091497,-0.09780366356617087,0.07178653976436944,0.7636574270754078,348,0.8715655417708459,LIWC
HAMD,liwc_interrogatives,0.022761722042529218,0.044670777974909,-0.06479139394967752,0.11031483803473595,0.6103710412078915,348,0.8081858834200748,LIWC
HAMD,liwc_numbers,0.0110027315200986,0.04788636152199704,-0.08285281241368024,0.10485827545387745,0.8182724087073343,348,0.8968428101679321,LIWC
HAMD,liwc_quantifiers,-0.07045827808043004,0.04654065172527993,-0.16167627927900063,0.020759723118140547,0.13004910338351336,348,0.4267236204771532,LIWC
HAMD,liwc_affective_processes,-0.08457176343844772,0.04353054515671705,-0.16989006417300762,0.0007465372961121958,0.05203860553164419,348,0.273202679041132,LIWC
HAMD,liwc_positive_emotion_words,-0.19411910750836198,0.04365172731954592,-0.27967492091763513,-0.10856329409908883,8.707898781687132e-06,348,0.0003047764573590496,LIWC
HAMD,liwc_negative_emotion_words,0.07989511046720431,0.044795268581424644,-0.00790200263018663,0.16769222356459523,0.07449496791137304,348,0.32591548461225706,LIWC
HAMD,liwc_anxiety_words,0.02837689207455767,0.04580747639172721,-0.061404111875896464,0.1181578960250118,0.5355990921554508,348,0.7534283364971789,LIWC
HAMD,liwc_anger_words,0.05345639844056405,0.04423102229763573,-0.03323481226219004,0.14014760914331814,0.22682711596523453,348,0.5538801668918518,LIWC
HAMD,liwc_sad_words,0.06845614549660863,0.04366305616590498,-0.017121872043514674,0.15403416303673192,0.1169213668289031,348,0.41221479766424507,LIWC
HAMD,liwc_social_processes,0.09362464455218,0.0512246592899308,-0.006773842776419459,0.19402313188077946,0.06759067542795275,348,0.32159734846505494,LIWC
HAMD,liwc_family,0.1599708499542308,0.051003984410223344,0.06000487744215066,0.25993682246631095,0.0017101341844170065,348,0.03591281787275714,LIWC
HAMD,liwc_friends,-0.06260162453240846,0.05119647739861831,-0.16294487636901922,0.0377416273042023,0.22141578346164148,348,0.5538801668918518,LIWC
HAMD,liwc_female,0.08710454475917356,0.05321124023360743,-0.017187569671405695,0.19139665918975282,0.10163932665035785,348,0.39526404808472504,LIWC
HAMD,liwc_male,0.010831055285988043,0.049067158625531265,-0.0853388084437671,0.10700091901574318,0.8252953492277111,348,0.8968428101679321,LIWC
HAMD,liwc_cognitive_processes,0.011475097681507737,0.04813472321215675,-0.08286722622012363,0.10581742158313912,0.8115744173447097,348,0.8968428101679321,LIWC
HAMD,liwc_insight,0.03274411891977938,0.04758301690080554,-0.060516880481560176,0.12600511832111894,0.49136010201577907,348,0.7266593057979831,LIWC
HAMD,liwc_causation,0.04542132450816054,0.0430547127112697,-0.038964361770646924,0.129807010786968,0.2914401689840804,348,0.6104524443304336,LIWC
HAMD,liwc_discrepancies,0.11656724027852848,0.04392768969766027,0.03047055054706317,0.20266393000999378,0.00796342859712614,348,0.09290666696647164,LIWC
HAMD,liwc_tentative,-0.03733641978220308,0.04351150822163338,-0.12261740880962296,0.047944569245216805,0.39084746781296464,348,0.654265325202983,LIWC
HAMD,liwc_certainty,0.08966068311910251,0.04283647471966605,0.005702735443896545,0.17361863079430848,0.036340941521871666,348,0.2244587564586191,LIWC
HAMD,liwc_differentiation,-0.02097535113354692,0.046833381173759826,-0.11276709150835237,0.07081638924125855,0.6542457151495844,348,0.8081858834200748,LIWC
HAMD,liwc_perceptual_processes,0.04815710913901499,0.04517287981998242,-0.04038010838610675,0.13669432666413672,0.2863954304831975,348,0.6104524443304336,LIWC
HAMD,liwc_see,0.020503766803933024,0.04481707410428255,-0.06733608433292348,0.10834361794078953,0.6473124173944574,348,0.8081858834200748,LIWC
HAMD,liwc_hear,0.02466973388784287,0.046009524302461746,-0.0655072766908025,0.11484674446648824,0.5918289404627445,348,0.8040831943034561,LIWC
HAMD,liwc_feel,0.0740849217256172,0.043724546021826814,-0.011613613717527449,0.15978345716876186,0.09019776453511463,348,0.3642602029302706,LIWC
HAMD,liwc_biological_processes,0.07133496385624431,0.045428130783737655,-0.01770253636485683,0.16037246407734546,0.11634958238024462,348,0.41221479766424507,LIWC
HAMD,liwc_body,0.028234162095860337,0.04379910074563108,-0.057610497920818,0.11407882211253868,0.5191677616632068,348,0.7534283364971789,LIWC
HAMD,liwc_health,0.11796437608455275,0.046011342911102635,0.027783801098469257,0.20814495107063624,0.010352997446177545,348,0.10870647318486423,LIWC
HAMD,liwc_sexual,0.07693222200765786,0.060413348792494444,-0.04147576581108761,0.19534020982640332,0.20286519657450985,348,0.5538801668918518,LIWC
HAMD,liwc_ingestion,0.035440774095953316,0.04436799578173443,-0.051518899702471206,0.12240044789437785,0.4244113698134998,348,0.6748203179737694,LIWC
HAMD,liwc_drives,-0.044316723072233624,0.043191584783527685,-0.12897067368315612,0.04033722753868886,0.3048680438069451,348,0.6104524443304336,LIWC
HAMD,liwc_affiliation,0.019169145686887802,0.045439254922690714,-0.06989015744592036,0.10822844881969595,0.6731249331387573,348,0.8158486037231516,LIWC
HAMD,liwc_achievement,-0.0273824840780162,0.044481465887816596,-0.11456455519768372,0.05979958704165131,0.538163097497985,348,0.7534283364971789,LIWC
HAMD,liwc_power,0.043110759127244117,0.04193102028712702,-0.03907253047054321,0.12529404872503144,0.3038862213203416,348,0.6104524443304336,LIWC
HAMD,liwc_reward,-0.11772752419653357,0.041628674556879616,-0.19931822705215652,-0.03613682134091063,0.0046834068854098845,348,0.07025110328114827,LIWC
HAMD,liwc_risk,-0.01337974110756523,0.04352616331299161,-0.09868945358623739,0.07192997137110692,0.758542451366726,348,0.8715655417708459,LIWC
HAMD,liwc_time_orientation,-0.024437847103030402,0.04626102810308027,-0.11510779607286302,0.06623210186680221,0.5973189443397102,348,0.8040831943034561,LIWC
HAMD,liwc_focus_past,0.0025680888410917913,0.04814137936717397,-0.09178728088464885,0.09692345856683243,0.9574572422412141,348,0.9878277056414005,LIWC
HAMD,liwc_focus_present,-0.0426603474920803,0.04695243737108122,-0.134685433725772,0.049364738741611396,0.3635684717632939,348,0.654265325202983,LIWC
HAMD,liwc_focus_future,0.05895137529208141,0.04270353018293281,-0.024746005879186052,0.14264875646334887,0.16743886058108337,348,0.5023165817432501,LIWC
HAMD,liwc_relativity,-0.06035471562865806,0.046139992205544746,-0.1507874385984846,0.03007800734116846,0.19084680381924946,348,0.5538801668918518,LIWC
HAMD,liwc_motion,-0.02264237638494244,0.04585685621459712,-0.11252016300978455,0.06723541023989967,0.6214742213910565,348,0.8081858834200748,LIWC
HAMD,liwc_space,-0.05306293845476954,0.044993739389686385,-0.14124904718833606,0.035123170278796974,0.238262623219745,348,0.5685812599562097,LIWC
HAMD,liwc_time,-0.03948398865515118,0.04483912940966414,-0.12736706739622364,0.048399090085921276,0.3785506446885538,348,0.654265325202983,LIWC
HAMD,liwc_personal_concerns,-0.05657731925695948,0.04612784355015529,-0.14698623129976207,0.03383159278584312,0.21999818987116015,348,0.5538801668918518,LIWC
HAMD,liwc_work,-0.0974693737952549,0.04484419337081725,-0.18536237771780656,-0.009576369872703244,0.029741834870546185,348,0.2230637615290964,LIWC
HAMD,liwc_leisure,-0.09366699963182763,0.044191417877800274,-0.18028058709807565,-0.007053412165579628,0.034041950228449344,348,0.2244587564586191,LIWC
HAMD,liwc_home,-0.007677790233746404,0.04448940780158797,-0.09487542721837412,0.07951984675088132,0.8629849620035128,348,0.9202731484948921,LIWC
HAMD,liwc_money,-0.08095017189294547,0.05243652499865887,-0.18372387236475107,0.02182352857886012,0.12264296290763986,348,0.41540358404200595,LIWC
HAMD,liwc_religion,0.14319104149368633,0.048329315184983686,0.04846732433363357,0.2379147586537391,0.00304835183421848,348,0.0533461570988234,LIWC
HAMD,liwc_death,0.2802303111235386,0.049332612931144236,0.1835401665152409,0.37692045573183625,1.3435881423379399e-08,348,1.4107675494548368e-06,LIWC
HAMD,liwc_informal_language,-0.04121608787969351,0.04792446789266785,-0.13514631892756868,0.052714143168181654,0.38977701716533775,348,0.654265325202983,LIWC
HAMD,liwc_swear_words,0.06530928369996103,0.051615988982650234,-0.03585619573244965,0.1664747631323717,0.20576677208887895,348,0.5538801668918518,LIWC
HAMD,liwc_netspeak,-3.057843601751887e-05,0.04497790112060968,-0.08818564473261624,0.0881244878605812,0.9994575544988865,348,0.9994575544988865,LIWC
HAMD,liwc_assent,-0.04132444440378768,0.05035447226682449,-0.14001739650728465,0.0573685076997093,0.41183381475954406,348,0.665270008457725,LIWC
HAMD,liwc_nonfluencies,-0.04879940312822154,0.042447484625790524,-0.1319949442290886,0.034396137972645534,0.25029142957498707,348,0.579118135247503,LIWC
HAMD,liwc_filler_words,-0.04245727112297124,0.05994254549188585,-0.1599425014287213,0.0750279591827788,0.4787593277070289,348,0.7229470819418372,LIWC
HAMD,liwc_all_punctuation,-0.08568459661667413,0.04672472978117589,-0.17726338417514495,0.00589419094179669,0.06668118617456528,348,0.32159734846505494,LIWC
HAMD,liwc_periods,-0.050719471151771285,0.05210104422391125,-0.15283564138756595,0.05139669908402338,0.3303133975702294,348,0.630731468282799,LIWC
HAMD,liwc_commas,-0.046723554370596984,0.045845741583132545,-0.1365795567180671,0.04313244797687313,0.30813313856679025,348,0.6104524443304336,LIWC
HAMD,liwc_colons,-0.07383376671374223,0.05098552620978871,-0.17376356181775107,0.026096028390266618,0.14758016683853867,348,0.45576227994254587,LIWC
HAMD,liwc_semicolons,0.1468066094911264,0.322538176553611,-0.48535660019317245,0.7789698191754253,0.6489938383748655,348,0.8081858834200748,LIWC
HAMD,liwc_question_marks,0.021360103951192783,0.04575819426371681,-0.06832430880327946,0.11104451670566502,0.6406401788806664,348,0.8081858834200748,LIWC
HAMD,liwc_exclamations,0.07854454585432029,0.09295650259432754,-0.10364685135936579,0.26073594306800635,0.39813305598756743,348,0.654265325202983,LIWC
HAMD,liwc_dashes,0.11019052822425356,0.04422042743011737,0.02352008308025641,0.1968609733682507,0.01270808568933041,348,0.12130445430724482,LIWC
HAMD,liwc_quotes,0.0006944798302406909,0.04776046963682009,-0.09291432054264548,0.09430328020312687,0.9883984556183231,348,0.9979022869223454,LIWC
HAMD,liwc_apostrophes,-0.07847822340345638,0.04338119638709665,-0.16350380592842492,0.006547359121512164,0.07044513347329776,348,0.32159734846505494,LIWC
HAMD,liwc_other_punctuation,0.0032364174115075105,0.062288659741786975,-0.11884711232766494,0.12531994715067996,0.9585618621818738,348,0.9878277056414005,LIWC
HAMD,liwc_low_empathy,-0.0715120059478366,0.049271111342248396,-0.16808160965690644,0.025057597761233216,0.14666899016246437,348,0.45576227994254587,LIWC
HAMD,liwc_high_empathy,0.09779680237820805,0.05012845303863972,-0.00045316017823324173,0.19604676493464934,0.05106608657715157,348,0.273202679041132,LIWC
HAMD,liwc_allure,-0.03705941677904891,0.04325899743687611,-0.12184549376263659,0.04772666020453877,0.39161794036767694,348,0.654265325202983,LIWC
HAMD,liwc_absolutist,-0.010127426190976408,0.046754094665213665,-0.10176376786457147,0.08150891548261865,0.8285119293932326,348,0.8968428101679321,LIWC
HAMD,liwc_action,0.007455770476048487,0.0447529737113902,-0.08025844619934414,0.09516998715144112,0.8676861114380411,348,0.9202731484948921,LIWC
HAMD,liwc_inaction,-0.01715776068339827,0.043485114156183745,-0.10238701829313127,0.06807149692633474,0.69316298695835,348,0.8196639267397764,LIWC
HAMD,liwc_abstract,-0.016987393314337303,0.04716405735643563,-0.10942724709773252,0.07545246046905793,0.7187150171485062,348,0.8385008533399239,LIWC
HAMD,liwc_concrete,-0.01931048685560738,0.049211242555906434,-0.11576274989964883,0.07714177618843407,0.6947627569508581,348,0.8196639267397764,LIWC
HAMD,liwc_agency_language,0.0319808610451039,0.04548252803756048,-0.05716325583434786,0.12112497792455565,0.48196472129455814,348,0.7229470819418372,LIWC
HAMD,liwc_communion_language,0.0241117103573268,0.04504104795479383,-0.06416712146001056,0.11239054217466417,0.5924234325921833,348,0.8040831943034561,LIWC
HAMD,liwc_approach,0.01868965210200219,0.04471819169409918,-0.06895639307219038,0.10633569727619475,0.675988843084897,348,0.8158486037231516,LIWC
HAMD,liwc_avoidance,0.19191970683378257,0.047155887407652856,0.0994958658557571,0.28434354781180804,4.703349004757032e-05,348,0.0012346291137487208,LIWC
PHQ,liwc_analytical_thinking,0.044089121989503474,0.047747962044781336,-0.04949516395345342,0.13767340793246036,0.3558134787630478,348,0.5837564885956252,LIWC
PHQ,liwc_clout,0.10711193256418738,0.04973175287293909,0.009639488045180403,0.20458437708319438,0.03125635945816016,348,0.17525727601290736,LIWC
PHQ,liwc_authentic,-0.08315488774512982,0.04732409963322227,-0.17590841862703066,0.009598643136771015,0.07889459981910177,348,0.27761231242335943,LIWC
PHQ,liwc_emotional_tone,-0.1736199923711579,0.045575718271858585,-0.2629467587535448,-0.08429322598877101,0.0001392568355024277,348,0.00487398924258497,LIWC
PHQ,liwc_six_plus_words,0.12500863607038631,0.045275554675029604,0.036270179527254226,0.2137470926135184,0.005761365019758364,348,0.10082388784577138,LIWC
PHQ,liwc_dictionary_words,-0.1017856742822035,0.0435434018527272,-0.18712917367790347,-0.01644217488650354,0.01940965586087677,348,0.16875793470843417,LIWC
PHQ,liwc_function_words,0.038272723685735505,0.048526196375084825,-0.05683687351614887,0.13338232088761987,0.43028601135214073,348,0.6454290170282111,LIWC
PHQ,liwc_pronouns,0.04483352909116898,0.0478917469167005,-0.049032570022271176,0.13869962820460913,0.3491995074589067,348,0.5819991790981779,LIWC
PHQ,liwc_personal_pronouns,0.059928044572355656,0.05388689207161846,-0.045688323126813514,0.16554441227152483,0.2660917110416513,348,0.5157670910630034,LIWC
PHQ,liwc_i,-0.003948237217695238,0.04936312896391409,-0.10069819215117284,0.09280171771578236,0.9362503565837441,348,0.9737189642050232,LIWC
PHQ,liwc_we,0.01669018657576676,0.047369053163042504,-0.07615145160555968,0.10953182475709321,0.7245805328173105,348,0.845343954953529,LIWC
PHQ,liwc_you,0.028701386659574054,0.046452191960354106,-0.062343236585661044,0.11974600990480916,0.5366614501248406,348,0.7244803413040326,LIWC
PHQ,liwc_she_he,0.06315921275650992,0.049271972187275276,-0.03341207817780885,0.1597305036908287,0.19989573191009202,348,0.4664233744568814,LIWC
PHQ,liwc_they,0.08255537213317377,0.04693741024377217,-0.009440261472201089,0.17455100573854862,0.07860477004096549,348,0.27761231242335943,LIWC
PHQ,liwc_impersonal_pronouns,0.0022153245004881837,0.04934384248781572,-0.09449682963444793,0.0989274786354243,0.9641904741564385,348,0.9737189642050232,LIWC
PHQ,liwc_articles,-0.023519295450763564,0.047524761918141596,-0.11666611718416178,0.06962752628263466,0.6206812453204094,348,0.7578084971935231,LIWC
PHQ,liwc_prepositions,0.04631250708871201,0.043321517217553784,-0.038596106413325254,0.13122112059074928,0.2850508935143722,348,0.5305828037363368,LIWC
PHQ,liwc_auxiliary_verbs,-0.06213858019253214,0.04442967546390546,-0.14921914394658975,0.02494198356152548,0.16193812525677176,348,0.39543030585955896,LIWC
PHQ,liwc_adverbs,-0.0861127275950242,0.04844714763395246,-0.18106739211126593,0.008841936921217528,0.07549305962633837,348,0.27761231242335943,LIWC
PHQ,liwc_conjunctions,0.0781951818379175,0.048512802728753454,-0.016888164299535727,0.17327852797537074,0.10699538895405716,348,0.32928751714715543,LIWC
PHQ,liwc_negations,-0.07917261923308191,0.04835219920578483,-0.17394118824972638,0.01559594978356256,0.10154377328815704,348,0.32928751714715543,LIWC
PHQ,liwc_other_grammar,-0.06500586407818457,0.044752171825600685,-0.15271850908631002,0.022706780929940898,0.14634192749435493,348,0.3658548187358873,LIWC
PHQ,liwc_verbs,-0.02949576881803769,0.04729944452870988,-0.12220097658305916,0.06320943894698379,0.5328925992343427,348,0.7244803413040326,LIWC
PHQ,liwc_adjectives,-0.07280865595070558,0.04185811974054819,-0.1548490631027451,0.009231751201333946,0.08196173033451565,348,0.27761231242335943,LIWC
PHQ,liwc_comparisons,-0.035362616816173836,0.04409981719015155,-0.12179667023367123,0.05107143660132356,0.42262427306391714,348,0.6432922925256749,LIWC
PHQ,liwc_interrogatives,0.027127219746871316,0.04560819702162127,-0.06226320381531334,0.11651764330905598,0.5519850219459296,348,0.7244803413040326,LIWC
PHQ,liwc_numbers,0.03890132935372162,0.048524429885853156,-0.05620480559288961,0.13400746430033283,0.4227349350883006,348,0.6432922925256749,LIWC
PHQ,liwc_quantifiers,-0.10781790455827708,0.04725121846544751,-0.20042859097618815,-0.015207218140366005,0.022501057961124556,348,0.16875793470843417,LIWC
PHQ,liwc_affective_processes,-0.03752939862165179,0.04466379245167429,-0.1250688232399053,0.05001002599660173,0.40076010878704216,348,0.6280568869050661,LIWC
PHQ,liwc_positive_emotion_words,-0.12765799054903465,0.0453317696882556,-0.21650662649348013,-0.03880935460458916,0.004861322403652504,348,0.10082388784577138,LIWC
PHQ,liwc_negative_emotion_words,0.08662297630996199,0.04589521078980868,-0.0033299839009371113,0.1765759365208611,0.0591055041871106,348,0.27761231242335943,LIWC
PHQ,liwc_anxiety_words,0.02824126341929899,0.04678227932275837,-0.0634503191680003,0.11993284600659827,0.5460601513705847,348,0.7244803413040326,LIWC
PHQ,liwc_anger_words,0.05017262009811067,0.0452291825269271,-0.03847494870485476,0.13882018890107609,0.2673018537576871,348,0.5157670910630034,LIWC
PHQ,liwc_sad_words,0.08748017167384108,0.044817673239567785,-0.0003608537465963485,0.1753211970942785,0.05094860705590817,348,0.2674801870435179,LIWC
PHQ,liwc_social_processes,0.11351692074929692,0.051501869455627965,0.01257511147978263,0.21445873001881122,0.027515059238156264,348,0.17525727601290736,LIWC
PHQ,liwc_family,0.09342679345438004,0.052314486772156034,-0.009107716488742854,0.19596130339750295,0.07412055409168374,348,0.27761231242335943,LIWC
PHQ,liwc_friends,-0.0012361284704813455,0.0522800195026717,-0.10370308380676951,0.10123082686580681,0.9811362746148605,348,0.9811362746148605,LIWC
PHQ,liwc_female,0.08176607282188827,0.05390578629318937,-0.023887326871075795,0.18741947251485236,0.12930886573744416,348,0.33943577256079094,LIWC
PHQ,liwc_male,0.07887658994310592,0.049675043121328616,-0.01848470550517231,0.17623788539138416,0.11231993092755552,348,0.32928751714715543,LIWC
PHQ,liwc_cognitive_processes,-0.03058194841805044,0.04876369471813786,-0.1261570338187067,0.06499313698260582,0.5305636395203404,348,0.7244803413040326,LIWC
PHQ,liwc_insight,-0.076292061378581,0.04824825665883484,-0.17085690674674212,0.018272783989580127,0.11382322939539125,348,0.32928751714715543,LIWC
PHQ,liwc_causation,0.06907526030518413,0.04395114086360418,-0.01706739286692671,0.15521791347729497,0.11603464889947382,348,0.32928751714715543,LIWC
PHQ,liwc_discrepancies,0.10329570599244936,0.04503493908120548,0.015028847347331259,0.19156256463756746,0.021808928602931703,348,0.16875793470843417,LIWC
PHQ,liwc_tentative,-0.025594369733612617,0.044340555226383846,-0.11250026103183422,0.06131152156460898,0.5637891047122282,348,0.7308377283306662,LIWC
PHQ,liwc_certainty,0.09426675867150754,0.04388569069927119,0.008252385464271594,0.18028113187874348,0.031713221373764186,348,0.17525727601290736,LIWC
PHQ,liwc_differentiation,-0.02949266935174064,0.047593491511270396,-0.1227741986123434,0.06378885990886213,0.5354693913780887,348,0.7244803413040326,LIWC
PHQ,liwc_perceptual_processes,0.08012885376510191,0.04590211355750757,-0.009837635621880655,0.17009534315208447,0.08087243514851818,348,0.27761231242335943,LIWC
PHQ,liwc_see,0.05436384625639936,0.04586286233269168,-0.03552571214359498,0.1442534046563937,0.23587648623462953,348,0.5000496075109138,LIWC
PHQ,liwc_hear,0.010656837270953422,0.04646526239598237,-0.08041340355737533,0.10172707809928216,0.818596403853424,348,0.9143896000490375,LIWC
PHQ,liwc_feel,0.05946802172623075,0.044799547056336285,-0.02833747702789577,0.14727352048035727,0.18436825999009043,348,0.4399697113399885,LIWC
PHQ,liwc_biological_processes,0.045784588635303304,0.04649079803278831,-0.045335701121487375,0.13690487839209398,0.32471755749991804,348,0.5682557256248566,LIWC
PHQ,liwc_body,0.03167175428538007,0.04484231606699498,-0.05621757018929189,0.11956107876005204,0.4800067728352687,348,0.6912882122026427,LIWC
PHQ,liwc_health,0.11644859616939973,0.04687360866240889,0.024578011365653615,0.20831918097314583,0.012980258874533206,348,0.15143635353622073,LIWC
PHQ,liwc_sexual,0.018528282182376017,0.06213930636372003,-0.10326252031481584,0.14031908467956786,0.7655708971788575,348,0.8737493935193482,LIWC
PHQ,liwc_ingestion,-0.0034673312495753857,0.04534365519369129,-0.09233926235661288,0.0854045998574621,0.9390469011205131,348,0.9737189642050232,LIWC
PHQ,liwc_drives,0.007007415757512316,0.044254917067017244,-0.07973062783264843,0.09374545934767307,0.8741872488491778,348,0.9561423034287883,LIWC
PHQ,liwc_affiliation,0.05398390195806613,0.04622640043268795,-0.03661817802492902,0.14458598194106126,0.2428812379338724,348,0.5000496075109138,LIWC
PHQ,liwc_achievement,0.0210852103784982,0.045494313060970175,-0.06808200472239354,0.11025242547938993,0.643028126334813,348,0.776068428335119,LIWC
PHQ,liwc_power,0.04530328650474257,0.04310023780187973,-0.03917162731205349,0.12977820032153864,0.2932059882415313,348,0.5305828037363368,LIWC
PHQ,liwc_reward,-0.06391591551002213,0.04312383929806908,-0.14843708740933056,0.020605256389286314,0.13830089863264303,348,0.3541852282055492,LIWC
PHQ,liwc_risk,0.043213842886822215,0.04445236760648294,-0.04391119664941931,0.13033888242306374,0.33098181981553554,348,0.569722804600512,LIWC
PHQ,liwc_time_orientation,-0.07146006401210733,0.04693611077953711,-0.16345315071438227,0.0205330226901676,0.12788472371720852,348,0.33943577256079094,LIWC
PHQ,liwc_focus_past,0.03599242070865574,0.04797997300853496,-0.058046598367276686,0.13003143978458817,0.453161306663004,348,0.6701681295720482,LIWC
PHQ,liwc_focus_present,-0.11270755815369186,0.04661962785626387,-0.2040803497246293,-0.021334766582754433,0.015623290348953442,348,0.16404454866401116,LIWC
PHQ,liwc_focus_future,0.09516013949326654,0.043831439453223854,0.009252096774399796,0.18106818221213328,0.02992757774845455,348,0.17525727601290736,LIWC
PHQ,liwc_relativity,-0.025669808442755356,0.047145326422826386,-0.11807295027087966,0.06673333338536894,0.586109440273276,348,0.7326368003415951,LIWC
PHQ,liwc_motion,-0.002089618569757987,0.04687789399155784,-0.09396860246429796,0.08978936532478198,0.9644454502602136,348,0.9737189642050232,LIWC
PHQ,liwc_space,-0.04172732663463924,0.04630546795504895,-0.13248437611380876,0.04902972284453029,0.3675182819663463,348,0.5936833785610209,LIWC
PHQ,liwc_time,-0.02359799125082582,0.04571810736169048,-0.11320383512107467,0.06600785261942303,0.6057406339537541,348,0.7482678419428727,LIWC
PHQ,liwc_personal_concerns,0.08603533492257782,0.046739865820597706,-0.005573118728028334,0.17764378857318397,0.06566156912315607,348,0.27761231242335943,LIWC
PHQ,liwc_work,0.025492062825291904,0.04595625821903551,-0.06458054814824055,0.11556467379882435,0.5790979947230253,348,0.7325938487459959,LIWC
PHQ,liwc_leisure,-0.07202605646645005,0.04527597058167976,-0.16076532817163738,0.016713215238737283,0.11164940970236635,348,0.32928751714715543,LIWC
PHQ,liwc_home,-0.019555503220406816,0.04564745732512661,-0.10902287556348404,0.0699118691226704,0.6683578117078063,348,0.7885120250485355,LIWC
PHQ,liwc_money,0.05592126357199284,0.05358545539851889,-0.04910429910428159,0.16094682624826728,0.29667496451941755,348,0.5305828037363368,LIWC
PHQ,liwc_religion,0.09028272261036303,0.049820458623770686,-0.007363581985495457,0.1879290272062215,0.06996122866272353,348,0.27761231242335943,LIWC
PHQ,liwc_death,0.37188421481194633,0.04892598363559593,0.27599104897798227,0.4677773806459104,2.9395263236231934e-14,348,3.086502639804353e-12,LIWC
PHQ,liwc_informal_language,-0.05040539612563904,0.048446378753522944,-0.1453585536639305,0.04454776141265241,0.2981370040042274,348,0.5305828037363368,LIWC
PHQ,liwc_swear_words,0.13171068407431888,0.05255283416257567,0.028709021830164397,0.23471234631847337,0.012201836963847032,348,0.15143635353622073,LIWC
PHQ,liwc_netspeak,-0.004852697697286341,0.046078154056811274,-0.09516422012272463,0.08545882472815194,0.9161262586235971,348,0.9737189642050232,LIWC
PHQ,liwc_assent,-0.05917408265407091,0.05059656502652906,-0.15834152784750677,0.03999336253936493,0.2421911009559803,348,0.5000496075109138,LIWC
PHQ,liwc_nonfluencies,-0.0415565410926834,0.04364587316819178,-0.12710088057614238,0.043987798390775594,0.3410311040718492,348,0.5775526762507124,LIWC
PHQ,liwc_filler_words,0.037559202056075866,0.06118131014218908,-0.08235396234958987,0.15747236646174162,0.5392814560060871,348,0.7244803413040326,LIWC
PHQ,liwc_all_punctuation,-0.08426568389022107,0.04760048647501829,-0.17756092302784288,0.009029555247400733,0.07668227564997912,348,0.27761231242335943,LIWC
PHQ,liwc_periods,-0.03711544320677861,0.05262198758529758,-0.14025264366887571,0.0660217572553185,0.4806098999123135,348,0.6912882122026427,LIWC
PHQ,liwc_commas,-0.0729795020820099,0.04696883405696203,-0.1650367252294938,0.019077721065473993,0.12023554583061731,348,0.3322297976898636,LIWC
PHQ,liwc_colons,-0.09061834239740137,0.05176338150647439,-0.19207270586809785,0.010836021073295121,0.08001028413548605,348,0.27761231242335943,LIWC
PHQ,liwc_semicolons,0.17573775192519248,0.31660674320750437,-0.44480006202403743,0.7962755658744224,0.5788492725849409,348,0.7325938487459959,LIWC
PHQ,liwc_question_marks,-0.0022952500650623175,0.0468007608934715,-0.09402305586533706,0.08943255573521243,0.9608850221690737,348,0.9737189642050232,LIWC
PHQ,liwc_exclamations,0.10490150790123681,0.09513274332407122,-0.08155524276443604,0.29135825856690967,0.27016371436633513,348,0.5157670910630034,LIWC
PHQ,liwc_dashes,0.05262450038644442,0.04583992582983734,-0.037220103294024115,0.14246910406691296,0.25096617252584086,348,0.5067586176002555,LIWC
PHQ,liwc_quotes,0.05866230847855848,0.04853621461741932,-0.036466924117489904,0.15379154107460685,0.22680515692312875,348,0.49613628076934413,LIWC
PHQ,liwc_apostrophes,-0.05472513577352757,0.044414971026189604,-0.1417768793592492,0.032326607812194055,0.2178995382441541,348,0.49613628076934413,LIWC
PHQ,liwc_other_punctuation,0.056351713368294316,0.06381117363221785,-0.06871588876208462,0.18141931549867324,0.377181685954204,348,0.6000617731089609,LIWC
PHQ,liwc_low_empathy,-0.1310735874759544,0.04947931582872475,-0.22805126447993754,-0.034095910471971275,0.008071642935326731,348,0.12107464402990097,LIWC
PHQ,liwc_high_empathy,0.17956424595884476,0.05002706249801872,0.08151300521039369,0.27761548670729586,0.0003315134479891331,348,0.008702228009714744,LIWC
PHQ,liwc_allure,-0.013851669220121404,0.044150173613523774,-0.10038441941381862,0.07268108097357581,0.7537186254461559,348,0.8696753370532567,LIWC
PHQ,liwc_absolutist,0.003723212169437578,0.04751854755072582,-0.08941142962763902,0.09685785396651418,0.9375474028421054,348,0.9737189642050232,LIWC
PHQ,liwc_action,0.0045901090264239865,0.04604739818437504,-0.08566113299672617,0.09484135104957414,0.920596579538859,348,0.9737189642050232,LIWC
PHQ,liwc_inaction,-0.09641497961686192,0.04416931985729445,-0.18298525575878888,-0.009844703474934963,0.029046891912039043,348,0.17525727601290736,LIWC
PHQ,liwc_abstract,0.009497673964732691,0.047860171056786874,-0.08430653760049588,0.10330188552996127,0.8426958938604036,348,0.9314007247930776,LIWC
PHQ,liwc_concrete,0.014217911792590136,0.049871892105443565,-0.0835292005749467,0.11196502416012696,0.7755762038930727,348,0.8756505527825015,LIWC
PHQ,liwc_agency_language,-0.02003129617872216,0.046281363279723736,-0.11074110136239523,0.07067850900495093,0.6651487366771458,348,0.7885120250485355,LIWC
PHQ,liwc_communion_language,0.05573776510100398,0.04592293039744412,-0.03426952454252617,0.14574505474453414,0.22485311706631772,348,0.49613628076934413,LIWC
PHQ,liwc_approach,0.1039582415443688,0.04542798999055926,0.01492101727282659,0.19299546581591104,0.022113175608270013,348,0.16875793470843417,LIWC
PHQ,liwc_avoidance,0.2042502666268864,0.04823987011275944,0.10970185858698774,0.29879867466678506,2.2951470142164794e-05,348,0.0012049521824636516,LIWC
BAI,liwc_analytical_thinking,0.07327208329225991,0.04140493797363506,-0.007880103918179643,0.15442427050269947,0.07678612906038354,348,0.2986127241237138,LIWC
BAI,liwc_clout,0.12217492113790171,0.043919633291641086,0.03609402167207884,0.20825582060372458,0.005406105306874015,348,0.09460684287029528,LIWC
BAI,liwc_authentic,-0.07631715286980695,0.04153279468551711,-0.15771993463071704,0.005085628891103158,0.06613383439679268,348,0.2890262912504182,LIWC
BAI,liwc_emotional_tone,-0.07240549131313324,0.04024860227570658,-0.15129130220159498,0.006480319575328505,0.07202553594368125,348,0.29087235669563577,LIWC
BAI,liwc_six_plus_words,0.1303740505819637,0.03879095500230247,0.05434517585153699,0.2064029253123904,0.0007767785517689118,348,0.040780873967867864,LIWC
BAI,liwc_dictionary_words,-0.053084209982735206,0.03755894905252639,-0.1266983974228617,0.020529977457391296,0.15755073182721024,348,0.3938768295680256,LIWC
BAI,liwc_function_words,0.029824879432047986,0.04318839750460644,-0.054822824226980184,0.11447258309107616,0.4898319083602064,348,0.6857646717042889,LIWC
BAI,liwc_pronouns,-0.004777056895635362,0.04181027674969754,-0.08672369350869492,0.0771695797174242,0.9090352038016802,348,0.9763487734906245,LIWC
BAI,liwc_personal_pronouns,-0.019671657701645726,0.04884951050101777,-0.11541493894605172,0.07607162354276027,0.6871695390493504,348,0.8488564894139035,LIWC
BAI,liwc_i,-0.05879624609192355,0.0428501820180948,-0.1427810595783752,0.0251885673945281,0.17002133140651898,348,0.40573272267464755,LIWC
BAI,liwc_we,0.03364888100376024,0.04056474537179879,-0.04585655896700324,0.11315432097452371,0.4068156146711912,348,0.6190672397170301,LIWC
BAI,liwc_you,-0.0010742471648776946,0.04069521773141641,-0.08083540826146966,0.07868691393171427,0.9789403831307741,348,0.9883532714301084,LIWC
BAI,liwc_she_he,0.05397979332938784,0.043137121451845464,-0.03056741111295943,0.1385269977717351,0.21080548860589454,348,0.4540497690014781,LIWC
BAI,liwc_they,0.12067630396856396,0.039658830535309206,0.04294642445038056,0.19840618348674738,0.002343406440047088,348,0.08201922540164808,LIWC
BAI,liwc_impersonal_pronouns,0.009081196703004028,0.04386669591273884,-0.07689594740673449,0.09505834081274254,0.8359957823597277,348,0.9462074077555171,LIWC
BAI,liwc_articles,0.03145466471808623,0.04116150936706124,-0.049220411190661874,0.11212974062683434,0.44476197391952343,348,0.6486112119659717,LIWC
BAI,liwc_prepositions,0.05368849676309045,0.036762540995429145,-0.01836475956812795,0.12574175309430885,0.14417657234900338,348,0.37503888153401577,LIWC
BAI,liwc_auxiliary_verbs,-0.07450896605224716,0.037990438149370934,-0.1489688565819107,-4.90755225836248e-05,0.049849193966258296,348,0.2890262912504182,LIWC
BAI,liwc_adverbs,-0.008351136501309038,0.043305075698962206,-0.09322752521905567,0.0765252522164376,0.8470809174192249,348,0.9462074077555171,LIWC
BAI,liwc_conjunctions,0.06813388933832909,0.04328536742982121,-0.016703871881703566,0.15297165055836176,0.11547291729980609,348,0.37503888153401577,LIWC
BAI,liwc_negations,-0.11940860180711449,0.04267430976923204,-0.2030487120199151,-0.0357684915943139,0.005139816990898239,348,0.09460684287029528,LIWC
BAI,liwc_other_grammar,-0.05974478326494338,0.03867128548773016,-0.13553911005676095,0.016049543526874196,0.12236098050950972,348,0.37503888153401577,LIWC
BAI,liwc_verbs,-0.05454540867313469,0.041234890561352655,-0.1353643090798365,0.02627349173356712,0.18590274073933633,348,0.4337730617251181,LIWC
BAI,liwc_adjectives,-0.08679223157890334,0.03568119922451551,-0.15672609698415224,-0.016858366173654438,0.01499764397906132,348,0.15747526178014387,LIWC
BAI,liwc_comparisons,-0.019659843629855973,0.03829114115740676,-0.09470910122531258,0.05538941396560064,0.6076501442350346,348,0.797540814308483,LIWC
BAI,liwc_interrogatives,0.05699462535668657,0.03924687221048663,-0.01992783068171313,0.13391708139508626,0.14644375374185378,348,0.37503888153401577,LIWC
BAI,liwc_numbers,0.06371965124272706,0.04288554072244155,-0.020334464030784233,0.14777376651623836,0.13733008776654151,348,0.37503888153401577,LIWC
BAI,liwc_quantifiers,-0.06453709979904973,0.04128070852597087,-0.14544580176624816,0.016371602168148716,0.11796514514234634,348,0.37503888153401577,LIWC
BAI,liwc_affective_processes,-0.0037122759671550797,0.038556788130968585,-0.07928219206339493,0.07185764012908477,0.9232976098661781,348,0.9763487734906245,LIWC
BAI,liwc_positive_emotion_words,-0.050843971504723154,0.03970673562777853,-0.12866774327882247,0.026979800269376172,0.2003738012877232,348,0.44764359862150926,LIWC
BAI,liwc_negative_emotion_words,0.0582255171566138,0.03984790659325432,-0.019874944625480832,0.13632597893870843,0.14396224270061744,348,0.37503888153401577,LIWC
BAI,liwc_anxiety_words,0.059061290942812684,0.04052199150290979,-0.020360352984728596,0.13848293487035396,0.14497508730043146,348,0.37503888153401577,LIWC
BAI,liwc_anger_words,-0.0018286888223269261,0.03894033299360172,-0.07815033903578308,0.07449296139112924,0.9625440682783928,348,0.9883532714301084,LIWC
BAI,liwc_sad_words,0.024358644896167868,0.03852622660872323,-0.05115137171715837,0.09986866150949411,0.5272161001614275,348,0.709713980986537,LIWC
BAI,liwc_social_processes,0.13155300037234186,0.046010290963039595,0.04137448716657553,0.22173151357810816,0.004246999684876898,348,0.09460684287029528,LIWC
BAI,liwc_family,0.11202063522912059,0.04602086446756902,0.02182139833528622,0.20221987212295495,0.014927750647860259,348,0.15747526178014387,LIWC
BAI,liwc_friends,0.02150857297462536,0.04562659112626667,-0.06791790237019214,0.11093504831944286,0.6373520189063147,348,0.8062886986164222,LIWC
BAI,liwc_female,0.09876841659899649,0.04751764111404649,0.005635551385165638,0.19190128181282734,0.03765752324877753,348,0.2830977944897258,LIWC
BAI,liwc_male,0.06547435278114745,0.04359443667337408,-0.019969173024977874,0.1509178785872728,0.13312371672206638,348,0.37503888153401577,LIWC
BAI,liwc_cognitive_processes,-0.027845345747979415,0.04297167777072267,-0.11206828653385628,0.05637759503789746,0.5169894874954031,348,0.7049856647664587,LIWC
BAI,liwc_insight,-0.08338631692309656,0.04170475513024158,-0.16512613496243211,-0.001646498883761019,0.04556034948118632,348,0.2890262912504182,LIWC
BAI,liwc_causation,0.0486954481344312,0.037799223718150435,-0.025389668996715846,0.12278056526557823,0.19765344508004834,348,0.44764359862150926,LIWC
BAI,liwc_discrepancies,0.03787248525251985,0.039250838939675486,-0.039057745432226426,0.11480271593726613,0.33460318713934023,348,0.5701276828983446,LIWC
BAI,liwc_tentative,0.03329747986808699,0.03830179084249022,-0.041772650726579895,0.10836761046275387,0.38465832065566297,348,0.595392864545476,LIWC
BAI,liwc_certainty,0.070173609856997,0.03768810236283096,-0.0036937134198105903,0.1440409331338046,0.06260921196970066,348,0.2890262912504182,LIWC
BAI,liwc_differentiation,0.004635981321886419,0.04185050385048711,-0.07738949895992317,0.086661461603696,0.9117949266037789,348,0.9763487734906245,LIWC
BAI,liwc_perceptual_processes,0.05509830530425627,0.04011308698281752,-0.023521900490788533,0.13371851109930108,0.16957388058057954,348,0.40573272267464755,LIWC
BAI,liwc_see,0.030560995743267438,0.039666832410332926,-0.04718456716177123,0.10830655864830611,0.4410377169354027,348,0.6486112119659717,LIWC
BAI,liwc_hear,-0.037925777707016876,0.040500748316476744,-0.11730578575423253,0.041454230340198774,0.3490561334881427,348,0.5701276828983446,LIWC
BAI,liwc_feel,0.06477339007107932,0.03859017144677368,-0.010861956121823044,0.1404087362639817,0.09325060557746669,348,0.3376315029528966,LIWC
BAI,liwc_biological_processes,0.010183938323537825,0.040552692544534044,-0.06929787853987486,0.08966575518695051,0.801714733876212,348,0.935333856188914,LIWC
BAI,liwc_body,0.014112537094498057,0.038663161079782335,-0.06166586615034607,0.08989094033934218,0.7151020752199397,348,0.8730897430010892,LIWC
BAI,liwc_health,0.08392170713983449,0.04095339583968654,0.0036545262494363934,0.16418888803023257,0.04044254206996082,348,0.2830977944897258,LIWC
BAI,liwc_sexual,0.0365016126773843,0.05278712710048205,-0.06695925528689878,0.13996248064166736,0.48925954132226324,348,0.6857646717042889,LIWC
BAI,liwc_ingestion,-0.04521700397458137,0.038941001464339056,-0.12153996436660744,0.031105956417444687,0.24557401159929537,348,0.4809923430905713,LIWC
BAI,liwc_drives,0.042374246832170365,0.038058568442152094,-0.032219176617600404,0.11696767028194113,0.26553851666044137,348,0.49788471873832757,LIWC
BAI,liwc_affiliation,0.07312042772086709,0.04007097751324138,-0.005417245030400392,0.15165810047213457,0.0680353300633785,348,0.2890262912504182,LIWC
BAI,liwc_achievement,-0.03725636500998224,0.039394394845456954,-0.11446796009982821,0.039955230079863735,0.3442875605300695,348,0.5701276828983446,LIWC
BAI,liwc_power,0.034997790328177174,0.036698263272172606,-0.03692948398045017,0.10692506463680451,0.34025405497259675,348,0.5701276828983446,LIWC
BAI,liwc_reward,0.019692174171557008,0.03697483087410743,-0.052777162676153205,0.09216151101926723,0.594322126185147,348,0.7899218132840562,LIWC
BAI,liwc_risk,0.025313049006080043,0.03849892220961074,-0.05014345196836621,0.1007695499805263,0.5108593431994536,348,0.7049856647664587,LIWC
BAI,liwc_time_orientation,-0.06466849023651937,0.04090385862110919,-0.14483857996261157,0.015501599489572845,0.11388088996669378,348,0.37503888153401577,LIWC
BAI,liwc_focus_past,0.0133392768698328,0.04228044516128463,-0.06952887289660588,0.09620742663627148,0.7523857063179014,348,0.8876460580155017,LIWC
BAI,liwc_focus_present,-0.07451882768982003,0.04095279747964905,-0.15478483581609487,0.005747180436454807,0.06881578363105194,348,0.2890262912504182,LIWC
BAI,liwc_focus_future,0.03953698067833824,0.037563248466663784,-0.03408563345865218,0.11315959481532867,0.2925499260103608,348,0.5389077584401383,LIWC
BAI,liwc_relativity,-0.006011670364278189,0.04092746209252389,-0.08622802204425332,0.07420468131569695,0.8832220184977273,348,0.9660240827318892,LIWC
BAI,liwc_motion,-0.04013568454654614,0.04042920457226586,-0.11937546943178931,0.03910410033869704,0.32083672460121515,348,0.5701276828983446,LIWC
BAI,liwc_space,0.0014193354639074865,0.03959332961502028,-0.07618216460955539,0.07902083553737037,0.9714036843638902,348,0.9883532714301084,LIWC
BAI,liwc_time,0.0034973988248718306,0.039731408856642864,-0.07437473158918391,0.08136952923892758,0.9298559747529757,348,0.9763487734906245,LIWC
BAI,liwc_personal_concerns,0.03789702696143509,0.04109336052901143,-0.04264447967914713,0.11843853360201731,0.3564150002688554,348,0.5701276828983446,LIWC
BAI,liwc_work,0.017779800702601895,0.03972005795211126,-0.060070082347379955,0.09562968375258374,0.654421862808263,348,0.8180273285103287,LIWC
BAI,liwc_leisure,-0.10143985791414759,0.03892819047605514,-0.17773770923053078,-0.025142006597764374,0.009165460967432974,348,0.1374819145114946,LIWC
BAI,liwc_home,0.019471158394937182,0.039347474494349895,-0.05764847449659699,0.09659079128647136,0.6207049191205596,348,0.8025299670240044,LIWC
BAI,liwc_money,0.05672585807622719,0.046996817849788014,-0.03538621229734646,0.14883792844980084,0.2274264166502411,348,0.46823085780931994,LIWC
BAI,liwc_religion,0.07960034231766455,0.04294027860825653,-0.004561057240633951,0.16376174187596304,0.06377559861371555,348,0.2890262912504182,LIWC
BAI,liwc_death,0.16490547578336148,0.04591461321563901,0.07491448751662223,0.25489646405010075,0.0003286938299040972,348,0.0345128521399302,LIWC
BAI,liwc_informal_language,-0.05262099038185257,0.04282839773556822,-0.1365631074591231,0.03132112669541795,0.21920411559026654,348,0.46032864273955976,LIWC
BAI,liwc_swear_words,0.07539701414599696,0.04486106081414115,-0.012529049357980812,0.16332307764997472,0.09282540599069694,348,0.3376315029528966,LIWC
BAI,liwc_netspeak,0.006151411997477622,0.0392096590473155,-0.07069810758135585,0.0830009315763111,0.8753353885065382,348,0.9660240827318892,LIWC
BAI,liwc_assent,-0.06969555447282288,0.045286455024900474,-0.15845537530912077,0.019064266363474996,0.12380591247414255,348,0.37503888153401577,LIWC
BAI,liwc_nonfluencies,-0.0021989724276191922,0.03722035639148692,-0.07514953044667877,0.07075158559144037,0.9528885217750453,348,0.9883532714301084,LIWC
BAI,liwc_filler_words,0.048737775513755015,0.0530633306301932,-0.055264441421164746,0.15273999244867478,0.35836597210753085,348,0.5701276828983446,LIWC
BAI,liwc_all_punctuation,-0.09808314803713629,0.04160846304847427,-0.17963423706421153,-0.01653205901006105,0.018408942629814528,348,0.17572172510277503,LIWC
BAI,liwc_periods,-0.09483512763621264,0.047806986348183374,-0.1885350990880501,-0.001135156184375194,0.047288339713471864,348,0.2890262912504182,LIWC
BAI,liwc_commas,-0.07821188111640877,0.040718521493951644,-0.15801871674827406,0.0015949545154565342,0.05475771621885941,348,0.2890262912504182,LIWC
BAI,liwc_colons,-0.06454098374577494,0.044367733269300304,-0.15150014302928308,0.022418175537733204,0.14575706345458697,348,0.37503888153401577,LIWC
BAI,liwc_semicolons,-0.06819499672978184,0.3439166824878154,-0.742259308088397,0.6058693146288334,0.8428187262552729,348,0.9462074077555171,LIWC
BAI,liwc_question_marks,-0.01271237393601989,0.040218396270096005,-0.0915389821413681,0.06611423426932833,0.7519390835293112,348,0.8876460580155017,LIWC
BAI,liwc_exclamations,0.09366227410010622,0.08096899275866216,-0.06503403557135606,0.2523585837715685,0.2473674907322938,348,0.4809923430905713,LIWC
BAI,liwc_dashes,0.04914888756939623,0.03936995820326409,-0.02801481258184864,0.12631258772064108,0.21188989220068977,348,0.4540497690014781,LIWC
BAI,liwc_quotes,0.03329592657605555,0.04256465421620619,-0.05012926270210955,0.11672111585422065,0.43407145005424486,348,0.6486112119659717,LIWC
BAI,liwc_apostrophes,-0.03316274304858158,0.03822148134382492,-0.10807546991824801,0.04174998382108486,0.3855877598961178,348,0.595392864545476,LIWC
BAI,liwc_other_punctuation,0.01127581770117714,0.05428609985140364,-0.09512298286871917,0.11767461827107345,0.8354546625486164,348,0.9462074077555171,LIWC
BAI,liwc_low_empathy,-0.09425111285566821,0.04454297052204945,-0.18155373084331444,-0.006948494868022001,0.034348268995762495,348,0.2830977944897258,LIWC
BAI,liwc_high_empathy,0.09428649093105111,0.04566282561573723,0.004788997291873126,0.1837839845702291,0.038938013038756554,348,0.2830977944897258,LIWC
BAI,liwc_allure,-0.00010530162857065446,0.038047829074709175,-0.07467767630493657,0.07446707304779526,0.9977917679287317,348,0.9977917679287317,LIWC
BAI,liwc_absolutist,-0.013149702340100822,0.04166016697116257,-0.09480212919350457,0.06850272451330293,0.7522741834040625,348,0.8876460580155017,LIWC
BAI,liwc_action,-0.044045446954631765,0.039410581492951256,-0.12128876729059702,0.033197873381333495,0.263735905571557,348,0.49788471873832757,LIWC
BAI,liwc_inaction,-0.07236468719398712,0.03806208497971196,-0.1469650029307255,0.002235628542751278,0.057272204989577476,348,0.2890262912504182,LIWC
BAI,liwc_abstract,0.0393352319563305,0.04227911955791598,-0.04353031967524784,0.12220078358790884,0.35217945411393314,348,0.5701276828983446,LIWC
BAI,liwc_concrete,-0.032117134938649095,0.04443725228718758,-0.1192125489934569,0.05497827911615871,0.4698319580853241,348,0.6757856931364251,LIWC
BAI,liwc_agency_language,-0.03796380799651799,0.04021530550807686,-0.1167843584196239,0.04085674242658791,0.34516253755888315,348,0.5701276828983446,LIWC
BAI,liwc_communion_language,0.04645536878765846,0.04003047716893757,-0.03200292474741208,0.124913662322729,0.2458452934106412,348,0.4809923430905713,LIWC
BAI,liwc_approach,0.019253974620155198,0.03959086343325051,-0.05834269182585959,0.09685064106616999,0.626737688533032,348,0.8025299670240044,LIWC
BAI,liwc_avoidance,0.1064449332003562,0.04331578808453606,0.02154754859269631,0.19134231780801608,0.013994033070965636,348,0.15747526178014387,LIWC
BHOL,liwc_analytical_thinking,0.08244844762845752,0.056794256710540114,-0.028866250052923384,0.1937631453098384,0.14658393650233445,348,0.9370322320223753,LIWC
BHOL,liwc_clout,0.06463532411889394,0.058499183550245144,-0.05002096876458452,0.1792916170023724,0.2692060618188654,348,0.9370322320223753,LIWC
BHOL,liwc_authentic,-0.0701812828435723,0.056254677437912896,-0.18043842458379955,0.04007585889665494,0.21219094850087472,348,0.9370322320223753,LIWC
BHOL,liwc_emotional_tone,0.013739795923039274,0.05564175099613947,-0.09531603206613977,0.12279562391221831,0.8049599177701853,348,0.9728056210611734,LIWC
BHOL,liwc_six_plus_words,0.009638464582624857,0.0550755791666273,-0.09830768701164919,0.11758461617689889,0.861076234794568,348,0.9728056210611734,LIWC
BHOL,liwc_dictionary_words,-0.02558546634356704,0.0534037050289004,-0.13025480484121238,0.0790838721540783,0.6318708030740176,348,0.9728056210611734,LIWC
BHOL,liwc_function_words,0.002695692731632913,0.05701913551670234,-0.10905975931071232,0.11445114477397814,0.9622924720356546,348,0.9858932853298717,LIWC
BHOL,liwc_pronouns,0.07043089735850576,0.056417932304735754,-0.04014621804099516,0.18100801275800668,0.21189271456106462,348,0.9370322320223753,LIWC
BHOL,liwc_personal_pronouns,0.009668144909213697,0.06186051775685968,-0.11157624195923177,0.13091253177765916,0.8758048895145603,348,0.9728056210611734,LIWC
BHOL,liwc_i,-0.01880262113657788,0.05833668293652192,-0.13314041866969317,0.09553517639653741,0.7472162368426801,348,0.9728056210611734,LIWC
BHOL,liwc_we,-0.03731467303831712,0.057622239336967564,-0.15025218684732072,0.07562284077068647,0.5172604168665869,348,0.9728056210611734,LIWC
BHOL,liwc_you,0.0927873441191392,0.05523558106857187,-0.015472405440404097,0.2010470936786825,0.09298702109747956,348,0.9370322320223753,LIWC
BHOL,liwc_she_he,-0.037022878071310994,0.05863360958528037,-0.151942641142043,0.07789688499942102,0.5277609889616243,348,0.9728056210611734,LIWC
BHOL,liwc_they,0.02794921118806442,0.05749284814480456,-0.08473470054438298,0.14063312292051183,0.6268723723203793,348,0.9728056210611734,LIWC
BHOL,liwc_impersonal_pronouns,0.0673301522338162,0.05770773632363808,-0.045774932589848286,0.1804352370574807,0.24331378822269967,348,0.9370322320223753,LIWC
BHOL,liwc_articles,0.027229888738963298,0.05641384415052158,-0.0833392140255146,0.1377989915034412,0.6293222807937618,348,0.9728056210611734,LIWC
BHOL,liwc_prepositions,0.06145866577503977,0.05316701335380483,-0.04274676556397781,0.16566409711405736,0.24769963432181774,348,0.9370322320223753,LIWC
BHOL,liwc_auxiliary_verbs,-0.04257908552483312,0.053897789792790585,-0.14821681236501322,0.06305864131534697,0.4295295931459565,348,0.9728056210611734,LIWC
BHOL,liwc_adverbs,-0.07019468856756138,0.05669925650387712,-0.18132318926535895,0.0409338121302362,0.21570946230798183,348,0.9370322320223753,LIWC
BHOL,liwc_conjunctions,-0.1032469936030957,0.057027234449755576,-0.21501831926253845,0.008524332056347075,0.07022049691432938,348,0.9370322320223753,LIWC
BHOL,liwc_negations,-0.024547762438513226,0.05681744929563473,-0.13590791675138797,0.0868123918743615,0.6657078432958318,348,0.9728056210611734,LIWC
BHOL,liwc_other_grammar,-0.04057852574275232,0.05435787019918541,-0.14711799360945882,0.06596094212395417,0.455361258676544,348,0.9728056210611734,LIWC
BHOL,liwc_verbs,0.02280629167371249,0.05658957642291909,-0.08810724001558591,0.1337198233630109,0.6869392237675802,348,0.9728056210611734,LIWC
BHOL,liwc_adjectives,-0.052662359490410635,0.05147074251667448,-0.1535431610806271,0.048218442099805844,0.30623629299221844,348,0.9370322320223753,LIWC
BHOL,liwc_comparisons,-0.008238452831046468,0.053108947566327516,-0.11233007731787456,0.09585317165578161,0.8767238521546354,348,0.9728056210611734,LIWC
BHOL,liwc_interrogatives,0.012419443454267005,0.05537873945214579,-0.09612089138116615,0.12095977828970016,0.8225520857132763,348,0.9728056210611734,LIWC
BHOL,liwc_numbers,-0.04026397906821233,0.05688938156026672,-0.15176511802909215,0.0712371598926675,0.47909485206130453,348,0.9728056210611734,LIWC
BHOL,liwc_quantifiers,-0.008515719416988293,0.056481673612803485,-0.11921776548462944,0.10218632665065285,0.880157466674395,348,0.9728056210611734,LIWC
BHOL,liwc_affective_processes,-0.04415559627286494,0.053876292767257666,-0.14975118971722576,0.06143999717149589,0.41245913282657454,348,0.9728056210611734,LIWC
BHOL,liwc_positive_emotion_words,-0.028131328567048548,0.05493480407916186,-0.13580156605996985,0.07953890892587276,0.6085910198802883,348,0.9728056210611734,LIWC
BHOL,liwc_negative_emotion_words,0.008670099885921786,0.0551902348246619,-0.0995007726687238,0.11684097244056736,0.875170121644935,348,0.9728056210611734,LIWC
BHOL,liwc_anxiety_words,0.006354092239297873,0.05576481496434567,-0.1029429366953599,0.11565112117395565,0.9092818138035791,348,0.974230514789549,LIWC
BHOL,liwc_anger_words,-0.0022919115951711686,0.05507181805047482,-0.11023069153724467,0.10564686834690233,0.9668041983634623,348,0.9858932853298717,LIWC
BHOL,liwc_sad_words,-0.006472286963411018,0.05435169158332894,-0.11299964496556453,0.1000550710387425,0.9052106998161042,348,0.974230514789549,LIWC
BHOL,liwc_social_processes,0.05802744086255746,0.059961159584532187,-0.0594942723943843,0.17554915411949923,0.3331690014783296,348,0.9370322320223753,LIWC
BHOL,liwc_family,0.07335639088184545,0.06193255491718467,-0.04802918622638554,0.19474196799007643,0.23623257435984812,348,0.9370322320223753,LIWC
BHOL,liwc_friends,-0.05804676791706935,0.06225736955213508,-0.18006897001145467,0.06397543417731597,0.3511464694965122,348,0.9370322320223753,LIWC
BHOL,liwc_female,0.0411767355296958,0.06333261377236718,-0.08295290651092929,0.16530637757032088,0.5155847623064558,348,0.9728056210611734,LIWC
BHOL,liwc_male,-0.025846714627617826,0.059167562967064886,-0.14181300709607086,0.09011957784083521,0.6622279219906122,348,0.9728056210611734,LIWC
BHOL,liwc_cognitive_processes,-0.009607457499883617,0.057864734751119286,-0.1230202535870407,0.10380533858727346,0.8681309532110864,348,0.9728056210611734,LIWC
BHOL,liwc_insight,-0.01835246448263395,0.05827007484448347,-0.13255971255427493,0.09585478358900704,0.7527956508760971,348,0.9728056210611734,LIWC
BHOL,liwc_causation,0.006966831956787154,0.053425095213607776,-0.09774443053250731,0.11167809444608162,0.896247011748824,348,0.974230514789549,LIWC
BHOL,liwc_discrepancies,0.05720584255968352,0.05422263930648846,-0.04906857762773976,0.1634802627471068,0.2914172436178899,348,0.9370322320223753,LIWC
BHOL,liwc_tentative,-0.004451916026852495,0.05361444656881474,-0.10953430035277646,0.10063046829907148,0.9338231097313462,348,0.9858932853298717,LIWC
BHOL,liwc_certainty,0.058818037709770316,0.05310256601604113,-0.04526107916833093,0.16289715458787157,0.26802129582754075,348,0.9370322320223753,LIWC
BHOL,liwc_differentiation,-0.08260094710619476,0.056409525857222476,-0.19316158617133172,0.027959691958942212,0.14310968102221763,348,0.9370322320223753,LIWC
BHOL,liwc_perceptual_processes,0.11913225187107862,0.05468416391048349,0.011953260081845982,0.22631124366031125,0.029365023467319968,348,0.9370322320223753,LIWC
BHOL,liwc_see,0.1386418706148965,0.054786991467683205,0.031261340516934175,0.2460224007128588,0.011388000439164297,348,0.5978700230561256,LIWC
BHOL,liwc_hear,0.07730834021176175,0.05552008613945147,-0.03150902904012458,0.1861257094636481,0.16378946338265843,348,0.9370322320223753,LIWC
BHOL,liwc_feel,0.009307418570190316,0.054212837665845094,-0.09694779075458257,0.11556262789496319,0.8636868099692712,348,0.9728056210611734,LIWC
BHOL,liwc_biological_processes,-0.019977198622876214,0.05537658015264111,-0.12851330130904837,0.08855890406329593,0.7182850293640639,348,0.9728056210611734,LIWC
BHOL,liwc_body,0.06101467669958091,0.05378185250711362,-0.04439581723620699,0.16642517063536882,0.25659138238826507,348,0.9370322320223753,LIWC
BHOL,liwc_health,-0.07424104689587786,0.056525996468735865,-0.18502996416483844,0.036547870373082714,0.18904937047029324,348,0.9370322320223753,LIWC
BHOL,liwc_sexual,0.08713155101674759,0.07591062927647702,-0.06165054840891919,0.23591365044241436,0.25104389889948997,348,0.9370322320223753,LIWC
BHOL,liwc_ingestion,-0.049528321383547534,0.05477578086336485,-0.15688687910080093,0.05783023633370587,0.3658887763134989,348,0.9370322320223753,LIWC
BHOL,liwc_drives,-0.037373903943533036,0.0536817609589831,-0.14258822204982827,0.06784041416276221,0.48629586628674903,348,0.9728056210611734,LIWC
BHOL,liwc_affiliation,-0.020091890340531174,0.05551665986976904,-0.12890254422723862,0.08871876354617626,0.7174212256878088,348,0.9728056210611734,LIWC
BHOL,liwc_achievement,0.04406956413900081,0.054786573247574334,-0.0633101462626105,0.15144927454061213,0.42117396145276187,348,0.9728056210611734,LIWC
BHOL,liwc_power,-0.035797218311933415,0.05263568983614275,-0.1389612746921942,0.06736683806832736,0.49644492567831444,348,0.9728056210611734,LIWC
BHOL,liwc_reward,-0.049363004860984536,0.05243801624495235,-0.15213962812181742,0.053413618399848345,0.3465208551679626,348,0.9370322320223753,LIWC
BHOL,liwc_risk,0.015517475138947986,0.053769420358826904,-0.08986865223394751,0.12090360251184347,0.7728928982947987,348,0.9728056210611734,LIWC
BHOL,liwc_time_orientation,-0.019290338459554204,0.05614747646036008,-0.12933737014467045,0.09075669322556203,0.7311730386700619,348,0.9728056210611734,LIWC
BHOL,liwc_focus_past,0.023101731335060962,0.05649870571990178,-0.08763369704907367,0.1338371597191956,0.6826207055339433,348,0.9728056210611734,LIWC
BHOL,liwc_focus_present,-0.01654024622207521,0.05563429386840332,-0.12558145850946328,0.09250096606531286,0.7662351399853953,348,0.9728056210611734,LIWC
BHOL,liwc_focus_future,-0.055020457218083865,0.052817152116163765,-0.15854017313173835,0.04849925869557062,0.2975435023086941,348,0.9370322320223753,LIWC
BHOL,liwc_relativity,0.002734800171702356,0.056294443087840464,-0.10760028081020474,0.11306988115360946,0.9612537805330744,348,0.9858932853298717,LIWC
BHOL,liwc_motion,0.015517511946539147,0.05633022970827778,-0.09488770952255349,0.1259227334156318,0.7829521222561899,348,0.9728056210611734,LIWC
BHOL,liwc_space,0.03764003458617612,0.05494800650827852,-0.07005607919232226,0.1453361483646745,0.49333645486377387,348,0.9728056210611734,LIWC
BHOL,liwc_time,-0.013642541047791364,0.05514535141250923,-0.12172544373111445,0.09444036163553172,0.8046045523592729,348,0.9728056210611734,LIWC
BHOL,liwc_personal_concerns,-0.001958262817076562,0.05566985901377628,-0.11106918150850056,0.10715265587434744,0.9719391151957448,348,0.9858932853298717,LIWC
BHOL,liwc_work,-0.011311829536082887,0.054711415081792156,-0.11854423263961704,0.09592057356745128,0.8362016167643951,348,0.9728056210611734,LIWC
BHOL,liwc_leisure,-0.0404083983858644,0.05449056961830014,-0.14720795233480516,0.06639115556307637,0.4583498333718581,348,0.9728056210611734,LIWC
BHOL,liwc_home,0.07145268964919636,0.055341002629947386,-0.037013682373836926,0.17991906167222965,0.19665696830284796,348,0.9370322320223753,LIWC
BHOL,liwc_money,-0.01820410735628966,0.06297347637536227,-0.14162985303328365,0.10522163832070433,0.7725233807676015,348,0.9728056210611734,LIWC
BHOL,liwc_religion,-0.059855163139902384,0.06049807892307137,-0.17842921896298403,0.058718892683179244,0.32248070145254326,348,0.9370322320223753,LIWC
BHOL,liwc_death,0.17646463985403962,0.0618764893514679,0.055188949235386364,0.2977403304726929,0.004346080296569978,348,0.4563384311398477,LIWC
BHOL,liwc_informal_language,-0.01043839085440057,0.05711366940320661,-0.12237912590961278,0.10150234420081164,0.8549822599185447,348,0.9728056210611734,LIWC
BHOL,liwc_swear_words,-0.06562395685482693,0.0649795297264768,-0.1929814948510713,0.06173358114141743,0.3125348718742397,348,0.9370322320223753,LIWC
BHOL,liwc_netspeak,-0.024173731587582875,0.0564745724037724,-0.13486185954127639,0.08651439636611065,0.6686174141757755,348,0.9728056210611734,LIWC
BHOL,liwc_assent,0.013224420001528854,0.05883751895769034,-0.10209499809523687,0.1285438380982946,0.8221646730640567,348,0.9728056210611734,LIWC
BHOL,liwc_nonfluencies,-0.06621459732780242,0.05286783514012363,-0.1698336501430458,0.037404455487440966,0.2104040272186204,348,0.9370322320223753,LIWC
BHOL,liwc_filler_words,-0.07418136724985773,0.07382145285407814,-0.21886875613027246,0.07050602163055701,0.3149568167545135,348,0.9370322320223753,LIWC
BHOL,liwc_all_punctuation,-0.07575732166871417,0.056528971682204124,-0.18655207024891884,0.035037426911490505,0.18019646676646706,348,0.9370322320223753,LIWC
BHOL,liwc_periods,0.032643700622502804,0.060379829363514735,-0.08569859032266008,0.1509859915676657,0.5887563162692806,348,0.9728056210611734,LIWC
BHOL,liwc_commas,-0.09157612148069884,0.056367985213441135,-0.2020553423801298,0.018903099418732097,0.10424519698706601,348,0.9370322320223753,LIWC
BHOL,liwc_colons,-0.06838010822108373,0.06315789208005243,-0.19216730203745402,0.05540708559528655,0.2789482232029312,348,0.9370322320223753,LIWC
BHOL,liwc_semicolons,0.06920518141532063,0.3451796672096941,-0.6073345345112013,0.7457448973418426,0.8410971290119602,348,0.9728056210611734,LIWC
BHOL,liwc_question_marks,-0.021505973638754342,0.0572269298087741,-0.13366869500975323,0.09065674773224454,0.7070643741446101,348,0.9728056210611734,LIWC
BHOL,liwc_exclamations,0.11364471261272838,0.11650129142959585,-0.11469362274168435,0.3419830479671411,0.32932207790192614,348,0.9370322320223753,LIWC
BHOL,liwc_dashes,0.03678640344268112,0.055960706721841044,-0.07289456628153583,0.14646737316689806,0.5109486233601803,348,0.9728056210611734,LIWC
BHOL,liwc_quotes,-0.09072857860745887,0.05731944132106753,-0.2030726192107082,0.02161546199579048,0.11345366500179423,348,0.9370322320223753,LIWC
BHOL,liwc_apostrophes,-0.04953558629572634,0.053810249374681214,-0.1550017370692205,0.0559305644777678,0.35727996943582996,348,0.9370322320223753,LIWC
BHOL,liwc_other_punctuation,-0.08421159460041404,0.07835859620948132,-0.23779162105011425,0.06936843184928616,0.2825112856328549,348,0.9370322320223753,LIWC
BHOL,liwc_low_empathy,-0.0013994293246773453,0.05836539638109115,-0.1157935041750204,0.11299464552566571,0.9808709244931477,348,0.9858932853298717,LIWC
BHOL,liwc_high_empathy,-0.0010426037989825483,0.05896724730906831,-0.11661628479222286,0.11453107719425776,0.9858932853298717,348,0.9858932853298717,LIWC
BHOL,liwc_allure,0.049030107856831,0.05347250974948965,-0.05577408541513562,0.15383430112879762,0.3591836394542237,348,0.9370322320223753,LIWC
BHOL,liwc_absolutist,0.009798875972477175,0.05608064041317319,-0.10011715946728374,0.1197149114122381,0.8612931155002723,348,0.9728056210611734,LIWC
BHOL,liwc_action,0.04450702855694673,0.05494442306948691,-0.0631820618105793,0.15219611892447277,0.417918775546541,348,0.9728056210611734,LIWC
BHOL,liwc_inaction,-0.049888879142899266,0.05372581249154592,-0.15518953666648141,0.05541177838068289,0.35310520637447596,348,0.9370322320223753,LIWC
BHOL,liwc_abstract,-0.0709801394814388,0.05621805625379594,-0.18116550501972561,0.039205226056847994,0.20673794610605323,348,0.9370322320223753,LIWC
BHOL,liwc_concrete,0.0291679216991438,0.0580818387506575,-0.08467039040800779,0.1430062338062954,0.615536260969443,348,0.9728056210611734,LIWC
BHOL,liwc_agency_language,-0.013874561115593865,0.055174238720388964,-0.12201408188197155,0.09426495965078382,0.8014522205396389,348,0.9728056210611734,LIWC
BHOL,liwc_communion_language,-0.014066589716868026,0.05540673707960448,-0.12266179889377278,0.09452861946003673,0.7995892799802383,348,0.9728056210611734,LIWC
BHOL,liwc_approach,0.04835573260444,0.05520281864782074,-0.05983980379038474,0.15655126899926475,0.3810491049048915,348,0.9526227622622288,LIWC
BHOL,liwc_avoidance,0.021059800897002094,0.05782980096618353,-0.09228452622983724,0.13440412802384144,0.7157320711782562,348,0.9728056210611734,LIWC
